-- MySQL dump 10.13  Distrib 5.7.19, for Win64 (x86_64)
--
-- Host: localhost    Database: adn
-- ------------------------------------------------------
-- Server version	5.7.19

/*!40101 SET @OLD_CHARACTER_SET_CLIENT=@@CHARACTER_SET_CLIENT */;
/*!40101 SET @OLD_CHARACTER_SET_RESULTS=@@CHARACTER_SET_RESULTS */;
/*!40101 SET @OLD_COLLATION_CONNECTION=@@COLLATION_CONNECTION */;
/*!40101 SET NAMES utf8 */;
/*!40103 SET @OLD_TIME_ZONE=@@TIME_ZONE */;
/*!40103 SET TIME_ZONE='+00:00' */;
/*!40014 SET @OLD_UNIQUE_CHECKS=@@UNIQUE_CHECKS, UNIQUE_CHECKS=0 */;
/*!40014 SET @OLD_FOREIGN_KEY_CHECKS=@@FOREIGN_KEY_CHECKS, FOREIGN_KEY_CHECKS=0 */;
/*!40101 SET @OLD_SQL_MODE=@@SQL_MODE, SQL_MODE='NO_AUTO_VALUE_ON_ZERO' */;
/*!40111 SET @OLD_SQL_NOTES=@@SQL_NOTES, SQL_NOTES=0 */;

--
-- Table structure for table `alelos`
--

DROP TABLE IF EXISTS `alelos`;
/*!40101 SET @saved_cs_client     = @@character_set_client */;
/*!40101 SET character_set_client = utf8 */;
CREATE TABLE `alelos` (
  `id` int(10) unsigned NOT NULL AUTO_INCREMENT,
  `id_perfil_genetico` int(10) unsigned NOT NULL,
  `id_marcador` int(10) unsigned NOT NULL,
  `alelo_1` varchar(255) COLLATE utf8mb4_unicode_ci NOT NULL,
  `alelo_2` varchar(255) COLLATE utf8mb4_unicode_ci DEFAULT NULL,
  `alelo_3` varchar(255) COLLATE utf8mb4_unicode_ci DEFAULT NULL,
  `alelo_4` varchar(255) COLLATE utf8mb4_unicode_ci DEFAULT NULL,
  `alelo_5` varchar(255) COLLATE utf8mb4_unicode_ci DEFAULT NULL,
  `created_at` timestamp NULL DEFAULT NULL,
  `updated_at` timestamp NULL DEFAULT NULL,
  PRIMARY KEY (`id`),
  KEY `alelos_id_perfil_genetico_foreign` (`id_perfil_genetico`),
  KEY `alelos_id_marcador_foreign` (`id_marcador`),
  CONSTRAINT `alelos_id_marcador_foreign` FOREIGN KEY (`id_marcador`) REFERENCES `marcadores` (`id`) ON DELETE CASCADE,
  CONSTRAINT `alelos_id_perfil_genetico_foreign` FOREIGN KEY (`id_perfil_genetico`) REFERENCES `perfiles_geneticos` (`id`) ON DELETE CASCADE
) ENGINE=InnoDB AUTO_INCREMENT=200 DEFAULT CHARSET=utf8mb4 COLLATE=utf8mb4_unicode_ci;
/*!40101 SET character_set_client = @saved_cs_client */;

--
-- Dumping data for table `alelos`
--

LOCK TABLES `alelos` WRITE;
/*!40000 ALTER TABLE `alelos` DISABLE KEYS */;
INSERT INTO `alelos` VALUES (1,1,12,'9','9',NULL,NULL,NULL,'2018-07-06 22:53:15','2018-07-06 22:53:15'),(2,1,5,'30','33.2',NULL,NULL,NULL,'2018-07-06 22:53:15','2018-07-06 22:53:15'),(3,1,18,'12','12',NULL,NULL,NULL,'2018-07-06 22:53:15','2018-07-06 22:53:15'),(4,1,3,'15','16',NULL,NULL,NULL,'2018-07-06 22:53:15','2018-07-06 22:53:15'),(5,1,2,'6','7',NULL,NULL,NULL,'2018-07-06 22:53:15','2018-07-06 22:53:15'),(6,1,19,'12','9',NULL,NULL,NULL,'2018-07-06 22:53:15','2018-07-06 22:53:15'),(7,1,17,'12','12',NULL,NULL,NULL,'2018-07-06 22:53:15','2018-07-06 22:53:15'),(8,1,13,'90','23',NULL,NULL,NULL,'2018-07-06 22:53:15','2018-07-06 22:53:15'),(9,1,11,'9','15.2',NULL,NULL,NULL,'2018-07-06 22:53:15','2018-07-06 22:53:15'),(10,1,4,'15','17',NULL,NULL,NULL,'2018-07-06 22:53:15','2018-07-06 22:53:15'),(11,1,6,'8','8',NULL,NULL,NULL,'2018-07-06 22:53:15','2018-07-06 22:53:15'),(12,1,15,'9','14',NULL,NULL,NULL,'2018-07-06 22:53:15','2018-07-06 22:53:15'),(13,1,20,'12','9',NULL,NULL,NULL,'2018-07-06 22:53:15','2018-07-06 22:53:15'),(14,1,16,'23','26',NULL,NULL,NULL,'2018-07-06 22:53:15','2018-07-06 22:53:15'),(15,1,23,'10','12',NULL,NULL,NULL,'2018-07-06 22:53:15','2018-07-06 22:53:15'),(16,1,24,'16','17',NULL,NULL,NULL,'2018-07-06 22:53:16','2018-07-06 22:53:16'),(17,2,12,'12','9',NULL,NULL,NULL,'2018-07-06 22:53:16','2018-07-06 22:53:16'),(18,2,5,'30','30',NULL,NULL,NULL,'2018-07-06 22:53:16','2018-07-06 22:53:16'),(19,2,21,'10','12',NULL,NULL,NULL,'2018-07-06 22:53:16','2018-07-06 22:53:16'),(20,2,18,'12','12',NULL,NULL,NULL,'2018-07-06 22:53:16','2018-07-06 22:53:16'),(21,2,3,'15','15',NULL,NULL,NULL,'2018-07-06 22:53:16','2018-07-06 22:53:16'),(22,2,2,'6','10.3',NULL,NULL,NULL,'2018-07-06 22:53:16','2018-07-06 22:53:16'),(23,2,19,'9','9',NULL,NULL,NULL,'2018-07-06 22:53:16','2018-07-06 22:53:16'),(24,2,17,'12','12',NULL,NULL,NULL,'2018-07-06 22:53:16','2018-07-06 22:53:16'),(25,2,13,'90','23',NULL,NULL,NULL,'2018-07-06 22:53:16','2018-07-06 22:53:16'),(26,2,11,'9','14',NULL,NULL,NULL,'2018-07-06 22:53:16','2018-07-06 22:53:16'),(27,2,4,'16','17',NULL,NULL,NULL,'2018-07-06 22:53:16','2018-07-06 22:53:16'),(28,2,6,'8','8',NULL,NULL,NULL,'2018-07-06 22:53:16','2018-07-06 22:53:16'),(29,2,15,'12','14',NULL,NULL,NULL,'2018-07-06 22:53:16','2018-07-06 22:53:16'),(30,2,20,'12','12',NULL,NULL,NULL,'2018-07-06 22:53:16','2018-07-06 22:53:16'),(31,2,16,'23','23',NULL,NULL,NULL,'2018-07-06 22:53:16','2018-07-06 22:53:16'),(32,2,23,'10','12',NULL,NULL,NULL,'2018-07-06 22:53:16','2018-07-06 22:53:16'),(33,2,24,'14','16',NULL,NULL,NULL,'2018-07-06 22:53:16','2018-07-06 22:53:16'),(34,3,12,'9','14',NULL,NULL,NULL,'2018-07-06 22:53:16','2018-07-06 22:53:16'),(35,3,5,'30','31.2',NULL,NULL,NULL,'2018-07-06 22:53:16','2018-07-06 22:53:16'),(36,3,21,'10','12',NULL,NULL,NULL,'2018-07-06 22:53:16','2018-07-06 22:53:16'),(37,3,18,'12','12',NULL,NULL,NULL,'2018-07-06 22:53:16','2018-07-06 22:53:16'),(38,3,3,'15','16',NULL,NULL,NULL,'2018-07-06 22:53:16','2018-07-06 22:53:16'),(39,3,2,'6','6',NULL,NULL,NULL,'2018-07-06 22:53:16','2018-07-06 22:53:16'),(40,3,19,'12','12',NULL,NULL,NULL,'2018-07-06 22:53:16','2018-07-06 22:53:16'),(41,3,17,'12','12',NULL,NULL,NULL,'2018-07-06 22:53:16','2018-07-06 22:53:16'),(42,3,13,'90','20',NULL,NULL,NULL,'2018-07-06 22:53:16','2018-07-06 22:53:16'),(43,3,11,'9','9.2',NULL,NULL,NULL,'2018-07-06 22:53:16','2018-07-06 22:53:16'),(44,3,4,'16','17',NULL,NULL,NULL,'2018-07-06 22:53:16','2018-07-06 22:53:16'),(45,3,6,'8','12',NULL,NULL,NULL,'2018-07-06 22:53:16','2018-07-06 22:53:16'),(46,3,15,'14','18',NULL,NULL,NULL,'2018-07-06 22:53:16','2018-07-06 22:53:16'),(47,3,20,'12','12',NULL,NULL,NULL,'2018-07-06 22:53:16','2018-07-06 22:53:16'),(48,3,16,'23','25',NULL,NULL,NULL,'2018-07-06 22:53:16','2018-07-06 22:53:16'),(49,4,12,'12','14',NULL,NULL,NULL,'2018-07-06 22:53:17','2018-07-06 22:53:17'),(50,4,5,'28','30',NULL,NULL,NULL,'2018-07-06 22:53:17','2018-07-06 22:53:17'),(51,4,18,'12','12',NULL,NULL,NULL,'2018-07-06 22:53:17','2018-07-06 22:53:17'),(52,4,3,'15','15',NULL,NULL,NULL,'2018-07-06 22:53:17','2018-07-06 22:53:17'),(53,4,2,'6','10.3',NULL,NULL,NULL,'2018-07-06 22:53:17','2018-07-06 22:53:17'),(54,4,19,'10','10',NULL,NULL,NULL,'2018-07-06 22:53:17','2018-07-06 22:53:17'),(55,4,17,'12','12',NULL,NULL,NULL,'2018-07-06 22:53:17','2018-07-06 22:53:17'),(56,4,13,'17','23',NULL,NULL,NULL,'2018-07-06 22:53:17','2018-07-06 22:53:17'),(57,4,11,'9','14',NULL,NULL,NULL,'2018-07-06 22:53:17','2018-07-06 22:53:17'),(58,4,4,'16','17',NULL,NULL,NULL,'2018-07-06 22:53:17','2018-07-06 22:53:17'),(59,4,6,'8','8',NULL,NULL,NULL,'2018-07-06 22:53:17','2018-07-06 22:53:17'),(60,4,15,'14','14',NULL,NULL,NULL,'2018-07-06 22:53:17','2018-07-06 22:53:17'),(61,4,20,'12','12',NULL,NULL,NULL,'2018-07-06 22:53:17','2018-07-06 22:53:17'),(62,4,16,'23','25',NULL,NULL,NULL,'2018-07-06 22:53:17','2018-07-06 22:53:17'),(63,5,12,'14','14',NULL,NULL,NULL,'2018-07-06 22:53:17','2018-07-06 22:53:17'),(64,5,5,'30','32.2',NULL,NULL,NULL,'2018-07-06 22:53:17','2018-07-06 22:53:17'),(65,5,21,'12','12',NULL,NULL,NULL,'2018-07-06 22:53:17','2018-07-06 22:53:17'),(66,5,18,'12','12',NULL,NULL,NULL,'2018-07-06 22:53:17','2018-07-06 22:53:17'),(67,5,3,'15','16',NULL,NULL,NULL,'2018-07-06 22:53:17','2018-07-06 22:53:17'),(68,5,2,'6','6',NULL,NULL,NULL,'2018-07-06 22:53:17','2018-07-06 22:53:17'),(69,5,19,'10','12',NULL,NULL,NULL,'2018-07-06 22:53:17','2018-07-06 22:53:17'),(70,5,17,'12','12',NULL,NULL,NULL,'2018-07-06 22:53:17','2018-07-06 22:53:17'),(71,5,13,'17','23',NULL,NULL,NULL,'2018-07-06 22:53:17','2018-07-06 22:53:17'),(72,5,11,'9','15.2',NULL,NULL,NULL,'2018-07-06 22:53:17','2018-07-06 22:53:17'),(73,5,4,'17','17',NULL,NULL,NULL,'2018-07-06 22:53:17','2018-07-06 22:53:17'),(74,5,6,'8','10',NULL,NULL,NULL,'2018-07-06 22:53:17','2018-07-06 22:53:17'),(75,5,15,'14','16',NULL,NULL,NULL,'2018-07-06 22:53:17','2018-07-06 22:53:17'),(76,5,20,'12','12',NULL,NULL,NULL,'2018-07-06 22:53:17','2018-07-06 22:53:17'),(77,5,16,'25','26',NULL,NULL,NULL,'2018-07-06 22:53:17','2018-07-06 22:53:17'),(78,6,12,'12','14',NULL,NULL,NULL,'2018-07-06 22:53:17','2018-07-06 22:53:17'),(79,6,5,'30','32',NULL,NULL,NULL,'2018-07-06 22:53:17','2018-07-06 22:53:17'),(80,6,21,'12','12',NULL,NULL,NULL,'2018-07-06 22:53:17','2018-07-06 22:53:17'),(81,6,18,'12','12',NULL,NULL,NULL,'2018-07-06 22:53:17','2018-07-06 22:53:17'),(82,6,3,'15','15',NULL,NULL,NULL,'2018-07-06 22:53:17','2018-07-06 22:53:17'),(83,6,2,'6','7',NULL,NULL,NULL,'2018-07-06 22:53:17','2018-07-06 22:53:17'),(84,6,19,'10','12',NULL,NULL,NULL,'2018-07-06 22:53:17','2018-07-06 22:53:17'),(85,6,17,'12','12',NULL,NULL,NULL,'2018-07-06 22:53:17','2018-07-06 22:53:17'),(86,6,13,'17','24',NULL,NULL,NULL,'2018-07-06 22:53:17','2018-07-06 22:53:17'),(87,6,11,'12.2','14',NULL,NULL,NULL,'2018-07-06 22:53:17','2018-07-06 22:53:17'),(88,6,4,'16','16',NULL,NULL,NULL,'2018-07-06 22:53:17','2018-07-06 22:53:17'),(89,6,6,'8','12',NULL,NULL,NULL,'2018-07-06 22:53:18','2018-07-06 22:53:18'),(90,6,15,'14','21',NULL,NULL,NULL,'2018-07-06 22:53:18','2018-07-06 22:53:18'),(91,6,20,'10','12',NULL,NULL,NULL,'2018-07-06 22:53:18','2018-07-06 22:53:18'),(92,6,16,'23','26',NULL,NULL,NULL,'2018-07-06 22:53:18','2018-07-06 22:53:18'),(93,7,12,'13','13',NULL,NULL,NULL,'2018-07-06 22:54:23','2018-07-06 22:54:23'),(94,7,5,'30','33.2',NULL,NULL,NULL,'2018-07-06 22:54:24','2018-07-06 22:54:24'),(95,7,18,'12','12',NULL,NULL,NULL,'2018-07-06 22:54:24','2018-07-06 22:54:24'),(96,7,3,'15','16',NULL,NULL,NULL,'2018-07-06 22:54:24','2018-07-06 22:54:24'),(97,7,2,'6','7',NULL,NULL,NULL,'2018-07-06 22:54:24','2018-07-06 22:54:24'),(98,7,19,'12','13',NULL,NULL,NULL,'2018-07-06 22:54:24','2018-07-06 22:54:24'),(99,7,17,'12','12',NULL,NULL,NULL,'2018-07-06 22:54:24','2018-07-06 22:54:24'),(100,7,13,'19','23',NULL,NULL,NULL,'2018-07-06 22:54:24','2018-07-06 22:54:24'),(101,7,11,'13','15.2',NULL,NULL,NULL,'2018-07-06 22:54:24','2018-07-06 22:54:24'),(102,7,4,'15','17',NULL,NULL,NULL,'2018-07-06 22:54:24','2018-07-06 22:54:24'),(103,7,6,'8','8',NULL,NULL,NULL,'2018-07-06 22:54:24','2018-07-06 22:54:24'),(104,7,15,'13','14',NULL,NULL,NULL,'2018-07-06 22:54:24','2018-07-06 22:54:24'),(105,7,20,'12','13',NULL,NULL,NULL,'2018-07-06 22:54:24','2018-07-06 22:54:24'),(106,7,16,'23','26',NULL,NULL,NULL,'2018-07-06 22:54:24','2018-07-06 22:54:24'),(107,7,23,'9','12',NULL,NULL,NULL,'2018-07-06 22:54:24','2018-07-06 22:54:24'),(108,7,24,'16','17',NULL,NULL,NULL,'2018-07-06 22:54:24','2018-07-06 22:54:24'),(109,8,12,'12','13',NULL,NULL,NULL,'2018-07-06 22:54:24','2018-07-06 22:54:24'),(110,8,5,'30','30',NULL,NULL,NULL,'2018-07-06 22:54:24','2018-07-06 22:54:24'),(111,8,21,'9','12',NULL,NULL,NULL,'2018-07-06 22:54:24','2018-07-06 22:54:24'),(112,8,18,'12','12',NULL,NULL,NULL,'2018-07-06 22:54:24','2018-07-06 22:54:24'),(113,8,3,'15','15',NULL,NULL,NULL,'2018-07-06 22:54:24','2018-07-06 22:54:24'),(114,8,2,'6','9.3',NULL,NULL,NULL,'2018-07-06 22:54:24','2018-07-06 22:54:24'),(115,8,19,'13','13',NULL,NULL,NULL,'2018-07-06 22:54:24','2018-07-06 22:54:24'),(116,8,17,'12','12',NULL,NULL,NULL,'2018-07-06 22:54:24','2018-07-06 22:54:24'),(117,8,13,'19','23',NULL,NULL,NULL,'2018-07-06 22:54:24','2018-07-06 22:54:24'),(118,8,11,'13','14',NULL,NULL,NULL,'2018-07-06 22:54:24','2018-07-06 22:54:24'),(119,8,4,'16','17',NULL,NULL,NULL,'2018-07-06 22:54:24','2018-07-06 22:54:24'),(120,8,6,'8','8',NULL,NULL,NULL,'2018-07-06 22:54:24','2018-07-06 22:54:24'),(121,8,15,'12','14',NULL,NULL,NULL,'2018-07-06 22:54:24','2018-07-06 22:54:24'),(122,8,20,'12','12',NULL,NULL,NULL,'2018-07-06 22:54:24','2018-07-06 22:54:24'),(123,8,16,'23','23',NULL,NULL,NULL,'2018-07-06 22:54:24','2018-07-06 22:54:24'),(124,8,23,'9','12',NULL,NULL,NULL,'2018-07-06 22:54:24','2018-07-06 22:54:24'),(125,8,24,'14','16',NULL,NULL,NULL,'2018-07-06 22:54:24','2018-07-06 22:54:24'),(126,9,12,'13','14',NULL,NULL,NULL,'2018-07-06 22:54:24','2018-07-06 22:54:24'),(127,9,5,'30','31.2',NULL,NULL,NULL,'2018-07-06 22:54:24','2018-07-06 22:54:24'),(128,9,21,'9','12',NULL,NULL,NULL,'2018-07-06 22:54:24','2018-07-06 22:54:24'),(129,9,18,'12','12',NULL,NULL,NULL,'2018-07-06 22:54:24','2018-07-06 22:54:24'),(130,9,3,'15','16',NULL,NULL,NULL,'2018-07-06 22:54:24','2018-07-06 22:54:24'),(131,9,2,'6','6',NULL,NULL,NULL,'2018-07-06 22:54:24','2018-07-06 22:54:24'),(132,9,19,'12','12',NULL,NULL,NULL,'2018-07-06 22:54:24','2018-07-06 22:54:24'),(133,9,17,'12','12',NULL,NULL,NULL,'2018-07-06 22:54:24','2018-07-06 22:54:24'),(134,9,13,'19','20',NULL,NULL,NULL,'2018-07-06 22:54:24','2018-07-06 22:54:24'),(135,9,11,'13','13.2',NULL,NULL,NULL,'2018-07-06 22:54:24','2018-07-06 22:54:24'),(136,9,4,'16','17',NULL,NULL,NULL,'2018-07-06 22:54:24','2018-07-06 22:54:24'),(137,9,6,'8','12',NULL,NULL,NULL,'2018-07-06 22:54:24','2018-07-06 22:54:24'),(138,9,15,'14','18',NULL,NULL,NULL,'2018-07-06 22:54:24','2018-07-06 22:54:24'),(139,9,20,'12','12',NULL,NULL,NULL,'2018-07-06 22:54:24','2018-07-06 22:54:24'),(140,9,16,'23','25',NULL,NULL,NULL,'2018-07-06 22:54:24','2018-07-06 22:54:24'),(141,10,12,'12','14',NULL,NULL,NULL,'2018-07-06 22:54:25','2018-07-06 22:54:25'),(142,10,5,'28','30',NULL,NULL,NULL,'2018-07-06 22:54:25','2018-07-06 22:54:25'),(143,10,18,'12','12',NULL,NULL,NULL,'2018-07-06 22:54:25','2018-07-06 22:54:25'),(144,10,3,'15','15',NULL,NULL,NULL,'2018-07-06 22:54:25','2018-07-06 22:54:25'),(145,10,2,'6','9.3',NULL,NULL,NULL,'2018-07-06 22:54:25','2018-07-06 22:54:25'),(146,10,19,'9','9',NULL,NULL,NULL,'2018-07-06 22:54:25','2018-07-06 22:54:25'),(147,10,17,'12','12',NULL,NULL,NULL,'2018-07-06 22:54:25','2018-07-06 22:54:25'),(148,10,13,'17','23',NULL,NULL,NULL,'2018-07-06 22:54:25','2018-07-06 22:54:25'),(149,10,11,'13','14',NULL,NULL,NULL,'2018-07-06 22:54:25','2018-07-06 22:54:25'),(150,10,4,'16','17',NULL,NULL,NULL,'2018-07-06 22:54:25','2018-07-06 22:54:25'),(151,10,6,'8','8',NULL,NULL,NULL,'2018-07-06 22:54:25','2018-07-06 22:54:25'),(152,10,15,'14','14',NULL,NULL,NULL,'2018-07-06 22:54:25','2018-07-06 22:54:25'),(153,10,20,'12','12',NULL,NULL,NULL,'2018-07-06 22:54:25','2018-07-06 22:54:25'),(154,10,16,'23','25',NULL,NULL,NULL,'2018-07-06 22:54:25','2018-07-06 22:54:25'),(155,11,12,'14','14',NULL,NULL,NULL,'2018-07-06 22:54:25','2018-07-06 22:54:25'),(156,11,5,'30','32.2',NULL,NULL,NULL,'2018-07-06 22:54:25','2018-07-06 22:54:25'),(157,11,21,'12','12',NULL,NULL,NULL,'2018-07-06 22:54:25','2018-07-06 22:54:25'),(158,11,18,'12','12',NULL,NULL,NULL,'2018-07-06 22:54:25','2018-07-06 22:54:25'),(159,11,3,'15','16',NULL,NULL,NULL,'2018-07-06 22:54:25','2018-07-06 22:54:25'),(160,11,2,'6','6',NULL,NULL,NULL,'2018-07-06 22:54:25','2018-07-06 22:54:25'),(161,11,19,'9','12',NULL,NULL,NULL,'2018-07-06 22:54:25','2018-07-06 22:54:25'),(162,11,17,'12','12',NULL,NULL,NULL,'2018-07-06 22:54:25','2018-07-06 22:54:25'),(163,11,13,'17','23',NULL,NULL,NULL,'2018-07-06 22:54:25','2018-07-06 22:54:25'),(164,11,11,'13','15.2',NULL,NULL,NULL,'2018-07-06 22:54:25','2018-07-06 22:54:25'),(165,11,4,'17','17',NULL,NULL,NULL,'2018-07-06 22:54:25','2018-07-06 22:54:25'),(166,11,6,'8','9',NULL,NULL,NULL,'2018-07-06 22:54:25','2018-07-06 22:54:25'),(167,11,15,'14','16',NULL,NULL,NULL,'2018-07-06 22:54:25','2018-07-06 22:54:25'),(168,11,20,'12','12',NULL,NULL,NULL,'2018-07-06 22:54:25','2018-07-06 22:54:25'),(169,11,16,'25','26',NULL,NULL,NULL,'2018-07-06 22:54:25','2018-07-06 22:54:25'),(170,12,12,'12','14',NULL,NULL,NULL,'2018-07-06 22:54:25','2018-07-06 22:54:25'),(171,12,5,'30','32',NULL,NULL,NULL,'2018-07-06 22:54:25','2018-07-06 22:54:25'),(172,12,21,'12','12',NULL,NULL,NULL,'2018-07-06 22:54:25','2018-07-06 22:54:25'),(173,12,18,'12','12',NULL,NULL,NULL,'2018-07-06 22:54:25','2018-07-06 22:54:25'),(174,12,3,'15','15',NULL,NULL,NULL,'2018-07-06 22:54:25','2018-07-06 22:54:25'),(175,12,2,'6','7',NULL,NULL,NULL,'2018-07-06 22:54:25','2018-07-06 22:54:25'),(176,12,19,'9','12',NULL,NULL,NULL,'2018-07-06 22:54:25','2018-07-06 22:54:25'),(177,12,17,'12','12',NULL,NULL,NULL,'2018-07-06 22:54:25','2018-07-06 22:54:25'),(178,12,13,'17','24',NULL,NULL,NULL,'2018-07-06 22:54:25','2018-07-06 22:54:25'),(179,12,11,'12.2','14',NULL,NULL,NULL,'2018-07-06 22:54:25','2018-07-06 22:54:25'),(180,12,4,'16','16',NULL,NULL,NULL,'2018-07-06 22:54:25','2018-07-06 22:54:25'),(181,12,6,'8','12',NULL,NULL,NULL,'2018-07-06 22:54:26','2018-07-06 22:54:26'),(182,12,15,'14','21',NULL,NULL,NULL,'2018-07-06 22:54:26','2018-07-06 22:54:26'),(183,12,20,'9','12',NULL,NULL,NULL,'2018-07-06 22:54:26','2018-07-06 22:54:26'),(184,12,16,'23','26',NULL,NULL,NULL,'2018-07-06 22:54:26','2018-07-06 22:54:26'),(185,13,12,'11','11',NULL,NULL,NULL,'2018-07-06 22:54:26','2018-07-06 22:54:26'),(186,13,5,'19','20',NULL,NULL,NULL,'2018-07-06 22:54:26','2018-07-06 22:54:26'),(187,13,21,'12','12',NULL,NULL,NULL,'2018-07-06 22:54:26','2018-07-06 22:54:26'),(188,13,18,'13','13',NULL,NULL,NULL,'2018-07-06 22:54:26','2018-07-06 22:54:26'),(189,13,3,'14','14',NULL,NULL,NULL,'2018-07-06 22:54:26','2018-07-06 22:54:26'),(190,13,2,'15','15',NULL,NULL,NULL,'2018-07-06 22:54:26','2018-07-06 22:54:26'),(191,13,19,'9','12',NULL,NULL,NULL,'2018-07-06 22:54:26','2018-07-06 22:54:26'),(192,13,17,'17','23',NULL,NULL,NULL,'2018-07-06 22:54:26','2018-07-06 22:54:26'),(193,13,13,'12.2','14',NULL,NULL,NULL,'2018-07-06 22:54:26','2018-07-06 22:54:26'),(194,13,11,'8','12',NULL,NULL,NULL,'2018-07-06 22:54:26','2018-07-06 22:54:26'),(195,13,4,'8','9',NULL,NULL,NULL,'2018-07-06 22:54:26','2018-07-06 22:54:26'),(196,13,6,'8','12',NULL,NULL,NULL,'2018-07-06 22:54:26','2018-07-06 22:54:26'),(197,13,15,'14','21',NULL,NULL,NULL,'2018-07-06 22:54:26','2018-07-06 22:54:26'),(198,13,20,'9','12',NULL,NULL,NULL,'2018-07-06 22:54:26','2018-07-06 22:54:26'),(199,13,16,'23','26',NULL,NULL,NULL,'2018-07-06 22:54:26','2018-07-06 22:54:26');
/*!40000 ALTER TABLE `alelos` ENABLE KEYS */;
UNLOCK TABLES;

--
-- Table structure for table `busquedas`
--

DROP TABLE IF EXISTS `busquedas`;
/*!40101 SET @saved_cs_client     = @@character_set_client */;
/*!40101 SET character_set_client = utf8 */;
CREATE TABLE `busquedas` (
  `id` int(10) unsigned NOT NULL AUTO_INCREMENT,
  `identificador` varchar(255) COLLATE utf8mb4_unicode_ci NOT NULL,
  `motivo` varchar(255) COLLATE utf8mb4_unicode_ci DEFAULT NULL,
  `descripcion` varchar(255) COLLATE utf8mb4_unicode_ci DEFAULT NULL,
  `marcadores_minimos` int(11) DEFAULT NULL,
  `numero_de_exclusiones` int(11) DEFAULT NULL,
  `conclusiones` varchar(255) COLLATE utf8mb4_unicode_ci DEFAULT NULL,
  `id_fuente` int(10) unsigned DEFAULT NULL,
  `id_usuario` int(10) unsigned DEFAULT NULL,
  `id_tipo_busqueda` int(10) unsigned DEFAULT NULL,
  `id_estado` int(10) unsigned DEFAULT NULL,
  `id_tabla_de_frecuencias` int(10) unsigned DEFAULT NULL,
  `id_estatus_busqueda` int(10) unsigned DEFAULT NULL,
  `created_at` timestamp NULL DEFAULT NULL,
  `updated_at` timestamp NULL DEFAULT NULL,
  PRIMARY KEY (`id`),
  KEY `busquedas_id_fuente_foreign` (`id_fuente`),
  KEY `busquedas_id_usuario_foreign` (`id_usuario`),
  KEY `busquedas_id_tipo_busqueda_foreign` (`id_tipo_busqueda`),
  KEY `busquedas_id_estado_foreign` (`id_estado`),
  KEY `busquedas_id_tabla_de_frecuencias_foreign` (`id_tabla_de_frecuencias`),
  KEY `busquedas_id_estatus_busqueda_foreign` (`id_estatus_busqueda`),
  CONSTRAINT `busquedas_id_estado_foreign` FOREIGN KEY (`id_estado`) REFERENCES `estados` (`id`) ON DELETE SET NULL,
  CONSTRAINT `busquedas_id_estatus_busqueda_foreign` FOREIGN KEY (`id_estatus_busqueda`) REFERENCES `estatus_busquedas` (`id`) ON DELETE SET NULL,
  CONSTRAINT `busquedas_id_fuente_foreign` FOREIGN KEY (`id_fuente`) REFERENCES `fuentes` (`id`) ON DELETE SET NULL,
  CONSTRAINT `busquedas_id_tabla_de_frecuencias_foreign` FOREIGN KEY (`id_tabla_de_frecuencias`) REFERENCES `importacion_frecuencias` (`id`) ON DELETE SET NULL,
  CONSTRAINT `busquedas_id_tipo_busqueda_foreign` FOREIGN KEY (`id_tipo_busqueda`) REFERENCES `tipos_de_busquedas` (`id`) ON DELETE SET NULL,
  CONSTRAINT `busquedas_id_usuario_foreign` FOREIGN KEY (`id_usuario`) REFERENCES `users` (`id`) ON DELETE SET NULL
) ENGINE=InnoDB DEFAULT CHARSET=utf8mb4 COLLATE=utf8mb4_unicode_ci;
/*!40101 SET character_set_client = @saved_cs_client */;

--
-- Dumping data for table `busquedas`
--

LOCK TABLES `busquedas` WRITE;
/*!40000 ALTER TABLE `busquedas` DISABLE KEYS */;
/*!40000 ALTER TABLE `busquedas` ENABLE KEYS */;
UNLOCK TABLES;

--
-- Table structure for table `busquedas_resultados`
--

DROP TABLE IF EXISTS `busquedas_resultados`;
/*!40101 SET @saved_cs_client     = @@character_set_client */;
/*!40101 SET character_set_client = utf8 */;
CREATE TABLE `busquedas_resultados` (
  `id` int(10) unsigned NOT NULL AUTO_INCREMENT,
  `id_busqueda` int(10) unsigned DEFAULT NULL,
  `id_perfil_objetivo` int(10) unsigned DEFAULT NULL,
  `id_perfil_subordinado` int(10) unsigned DEFAULT NULL,
  `IP` double(18,6) NOT NULL,
  `PP` double(11,8) NOT NULL,
  `marcadores_minimos` int(11) NOT NULL,
  `exclusiones` int(11) NOT NULL,
  `created_at` timestamp NULL DEFAULT NULL,
  `updated_at` timestamp NULL DEFAULT NULL,
  PRIMARY KEY (`id`),
  KEY `busquedas_resultados_id_busqueda_foreign` (`id_busqueda`),
  KEY `busquedas_resultados_id_perfil_objetivo_foreign` (`id_perfil_objetivo`),
  KEY `busquedas_resultados_id_perfil_subordinado_foreign` (`id_perfil_subordinado`),
  CONSTRAINT `busquedas_resultados_id_busqueda_foreign` FOREIGN KEY (`id_busqueda`) REFERENCES `busquedas` (`id`) ON DELETE SET NULL,
  CONSTRAINT `busquedas_resultados_id_perfil_objetivo_foreign` FOREIGN KEY (`id_perfil_objetivo`) REFERENCES `perfiles_geneticos` (`id`) ON DELETE SET NULL,
  CONSTRAINT `busquedas_resultados_id_perfil_subordinado_foreign` FOREIGN KEY (`id_perfil_subordinado`) REFERENCES `perfiles_geneticos` (`id`) ON DELETE SET NULL
) ENGINE=InnoDB DEFAULT CHARSET=utf8mb4 COLLATE=utf8mb4_unicode_ci;
/*!40101 SET character_set_client = @saved_cs_client */;

--
-- Dumping data for table `busquedas_resultados`
--

LOCK TABLES `busquedas_resultados` WRITE;
/*!40000 ALTER TABLE `busquedas_resultados` DISABLE KEYS */;
/*!40000 ALTER TABLE `busquedas_resultados` ENABLE KEYS */;
UNLOCK TABLES;

--
-- Table structure for table `categorias`
--

DROP TABLE IF EXISTS `categorias`;
/*!40101 SET @saved_cs_client     = @@character_set_client */;
/*!40101 SET character_set_client = utf8 */;
CREATE TABLE `categorias` (
  `id` int(10) unsigned NOT NULL AUTO_INCREMENT,
  `nombre` varchar(255) COLLATE utf8mb4_unicode_ci NOT NULL,
  `created_at` timestamp NULL DEFAULT NULL,
  `updated_at` timestamp NULL DEFAULT NULL,
  PRIMARY KEY (`id`),
  UNIQUE KEY `categorias_nombre_unique` (`nombre`)
) ENGINE=InnoDB AUTO_INCREMENT=27 DEFAULT CHARSET=utf8mb4 COLLATE=utf8mb4_unicode_ci;
/*!40101 SET character_set_client = @saved_cs_client */;

--
-- Dumping data for table `categorias`
--

LOCK TABLES `categorias` WRITE;
/*!40000 ALTER TABLE `categorias` DISABLE KEYS */;
INSERT INTO `categorias` VALUES (1,'GRUPOS GENERALES','2018-07-06 22:50:29','2018-07-06 22:50:29'),(2,'FAMILIARES POR ESTADO','2018-07-06 22:50:29','2018-07-06 22:50:29'),(3,'FAMILIARES POR ESTADO-ANO','2018-07-06 22:50:29','2018-07-06 22:50:29'),(4,'FAMILIARES POR FUENTE','2018-07-06 22:50:29','2018-07-06 22:50:29'),(5,'FAMILIARES POR ESTADO-FUENTE','2018-07-06 22:50:29','2018-07-06 22:50:29'),(6,'ESTADOS','2018-07-06 22:50:29','2018-07-06 22:50:29'),(7,'FUENTE','2018-07-06 22:50:29','2018-07-06 22:50:29'),(8,'SEXO','2018-07-06 22:50:29','2018-07-06 22:50:29'),(9,'SIN ASIGNAR','2018-07-06 22:50:29','2018-07-06 22:50:29'),(10,'DESAPARECIDOS POR ESTADO','2018-07-06 22:50:29','2018-07-06 22:50:29'),(11,'DESAPARECIDOS POR ESTADO/FUENTE','2018-07-06 22:50:29','2018-07-06 22:50:29'),(12,'DESAPARECIDOS POR FUENTE','2018-07-06 22:50:29','2018-07-06 22:50:29'),(13,'DESAPARECIDOS POR ANO','2018-07-06 22:50:29','2018-07-06 22:50:29'),(14,'DESAPARECIDOS POR ANO-FUENTE','2018-07-06 22:50:29','2018-07-06 22:50:29'),(15,'OTROS','2018-07-06 22:50:29','2018-07-06 22:50:29'),(16,'INDICIOS POR ANO','2018-07-06 22:50:29','2018-07-06 22:50:29'),(17,'INDICIOS POR FUENTE','2018-07-06 22:50:29','2018-07-06 22:50:29'),(18,'INDICIOS POR ANO-FUENTE','2018-07-06 22:50:29','2018-07-06 22:50:29'),(19,'FAMILIARES POR ANO','2018-07-06 22:50:29','2018-07-06 22:50:29'),(20,'FAMILIARES POR ANO-FUENTE','2018-07-06 22:50:29','2018-07-06 22:50:29'),(21,'INDICIOS POR ESTADO','2018-07-06 22:50:29','2018-07-06 22:50:29'),(22,'INDICIOS POR ESTADO-FUENTE','2018-07-06 22:50:29','2018-07-06 22:50:29'),(23,'INDICIOS POR ESTADO-ANO','2018-07-06 22:50:29','2018-07-06 22:50:29'),(24,'PEDIDOS ADMX','2018-07-06 22:50:29','2018-07-06 22:50:29'),(25,'IDENTIFICADOS','2018-07-06 22:50:29','2018-07-06 22:50:29'),(26,'PARTICULARES','2018-07-06 22:50:29','2018-07-06 22:50:29');
/*!40000 ALTER TABLE `categorias` ENABLE KEYS */;
UNLOCK TABLES;

--
-- Table structure for table `estados`
--

DROP TABLE IF EXISTS `estados`;
/*!40101 SET @saved_cs_client     = @@character_set_client */;
/*!40101 SET character_set_client = utf8 */;
CREATE TABLE `estados` (
  `id` int(10) unsigned NOT NULL AUTO_INCREMENT,
  `nombre` varchar(255) COLLATE utf8mb4_unicode_ci NOT NULL,
  `created_at` timestamp NULL DEFAULT NULL,
  `updated_at` timestamp NULL DEFAULT NULL,
  PRIMARY KEY (`id`)
) ENGINE=InnoDB AUTO_INCREMENT=34 DEFAULT CHARSET=utf8mb4 COLLATE=utf8mb4_unicode_ci;
/*!40101 SET character_set_client = @saved_cs_client */;

--
-- Dumping data for table `estados`
--

LOCK TABLES `estados` WRITE;
/*!40000 ALTER TABLE `estados` DISABLE KEYS */;
INSERT INTO `estados` VALUES (1,'Aguascalientes','2018-07-06 22:50:30','2018-07-06 22:50:30'),(2,'Baja California','2018-07-06 22:50:30','2018-07-06 22:50:30'),(3,'Baja California Sur','2018-07-06 22:50:30','2018-07-06 22:50:30'),(4,'Campeche','2018-07-06 22:50:30','2018-07-06 22:50:30'),(5,'Coahuila','2018-07-06 22:50:30','2018-07-06 22:50:30'),(6,'Colima','2018-07-06 22:50:30','2018-07-06 22:50:30'),(7,'Chiapas','2018-07-06 22:50:30','2018-07-06 22:50:30'),(8,'Chihuahua','2018-07-06 22:50:30','2018-07-06 22:50:30'),(9,'Ciudad de Mexico','2018-07-06 22:50:30','2018-07-06 22:50:30'),(10,'Durango','2018-07-06 22:50:30','2018-07-06 22:50:30'),(11,'Guanajuato','2018-07-06 22:50:30','2018-07-06 22:50:30'),(12,'Guerrero','2018-07-06 22:50:30','2018-07-06 22:50:30'),(13,'Hidalgo','2018-07-06 22:50:30','2018-07-06 22:50:30'),(14,'Jalisco','2018-07-06 22:50:30','2018-07-06 22:50:30'),(15,'México','2018-07-06 22:50:30','2018-07-06 22:50:30'),(16,'Michoacán','2018-07-06 22:50:30','2018-07-06 22:50:30'),(17,'Morelos','2018-07-06 22:50:30','2018-07-06 22:50:30'),(18,'Nayarit','2018-07-06 22:50:30','2018-07-06 22:50:30'),(19,'Nuevo León','2018-07-06 22:50:30','2018-07-06 22:50:30'),(20,'Oaxaca','2018-07-06 22:50:30','2018-07-06 22:50:30'),(21,'Puebla','2018-07-06 22:50:30','2018-07-06 22:50:30'),(22,'Querétaro','2018-07-06 22:50:30','2018-07-06 22:50:30'),(23,'Quintana Roo','2018-07-06 22:50:30','2018-07-06 22:50:30'),(24,'San Luis Potosí','2018-07-06 22:50:30','2018-07-06 22:50:30'),(25,'Sinaloa','2018-07-06 22:50:30','2018-07-06 22:50:30'),(26,'Sonora','2018-07-06 22:50:30','2018-07-06 22:50:30'),(27,'Tabasco','2018-07-06 22:50:30','2018-07-06 22:50:30'),(28,'Tamaulipas','2018-07-06 22:50:30','2018-07-06 22:50:30'),(29,'Tlaxcala','2018-07-06 22:50:30','2018-07-06 22:50:30'),(30,'Veracruz','2018-07-06 22:50:30','2018-07-06 22:50:30'),(31,'Yucatán','2018-07-06 22:50:30','2018-07-06 22:50:30'),(32,'Zacatecas','2018-07-06 22:50:30','2018-07-06 22:50:30'),(33,'CNB','2018-07-06 22:50:30','2018-07-06 22:50:30');
/*!40000 ALTER TABLE `estados` ENABLE KEYS */;
UNLOCK TABLES;

--
-- Table structure for table `estatus_busquedas`
--

DROP TABLE IF EXISTS `estatus_busquedas`;
/*!40101 SET @saved_cs_client     = @@character_set_client */;
/*!40101 SET character_set_client = utf8 */;
CREATE TABLE `estatus_busquedas` (
  `id` int(10) unsigned NOT NULL AUTO_INCREMENT,
  `nombre` varchar(255) COLLATE utf8mb4_unicode_ci NOT NULL,
  `created_at` timestamp NULL DEFAULT NULL,
  `updated_at` timestamp NULL DEFAULT NULL,
  PRIMARY KEY (`id`)
) ENGINE=InnoDB AUTO_INCREMENT=4 DEFAULT CHARSET=utf8mb4 COLLATE=utf8mb4_unicode_ci;
/*!40101 SET character_set_client = @saved_cs_client */;

--
-- Dumping data for table `estatus_busquedas`
--

LOCK TABLES `estatus_busquedas` WRITE;
/*!40000 ALTER TABLE `estatus_busquedas` DISABLE KEYS */;
INSERT INTO `estatus_busquedas` VALUES (1,'pendiente','2018-07-06 22:50:30','2018-07-06 22:50:30'),(2,'aprobada','2018-07-06 22:50:30','2018-07-06 22:50:30'),(3,'desestimada','2018-07-06 22:50:30','2018-07-06 22:50:30');
/*!40000 ALTER TABLE `estatus_busquedas` ENABLE KEYS */;
UNLOCK TABLES;

--
-- Table structure for table `etiquetas`
--

DROP TABLE IF EXISTS `etiquetas`;
/*!40101 SET @saved_cs_client     = @@character_set_client */;
/*!40101 SET character_set_client = utf8 */;
CREATE TABLE `etiquetas` (
  `id` int(10) unsigned NOT NULL AUTO_INCREMENT,
  `nombre` varchar(255) COLLATE utf8mb4_unicode_ci NOT NULL,
  `categoria_id` int(10) unsigned DEFAULT NULL,
  `created_at` timestamp NULL DEFAULT NULL,
  `updated_at` timestamp NULL DEFAULT NULL,
  PRIMARY KEY (`id`),
  UNIQUE KEY `etiquetas_nombre_unique` (`nombre`),
  KEY `etiquetas_categoria_id_foreign` (`categoria_id`),
  CONSTRAINT `etiquetas_categoria_id_foreign` FOREIGN KEY (`categoria_id`) REFERENCES `categorias` (`id`) ON DELETE SET NULL
) ENGINE=InnoDB AUTO_INCREMENT=309 DEFAULT CHARSET=utf8mb4 COLLATE=utf8mb4_unicode_ci;
/*!40101 SET character_set_client = @saved_cs_client */;

--
-- Dumping data for table `etiquetas`
--

LOCK TABLES `etiquetas` WRITE;
/*!40000 ALTER TABLE `etiquetas` DISABLE KEYS */;
INSERT INTO `etiquetas` VALUES (1,'FAMILIARES',1,'2018-07-06 22:50:29','2018-07-06 22:50:29'),(2,'FAM-CNB',4,'2018-07-06 22:50:29','2018-07-06 22:50:29'),(3,'AGS',6,'2018-07-06 22:50:29','2018-07-06 22:50:29'),(4,'BCN',6,'2018-07-06 22:50:29','2018-07-06 22:50:29'),(5,'BCS',6,'2018-07-06 22:50:29','2018-07-06 22:50:29'),(6,'CAMP',6,'2018-07-06 22:50:29','2018-07-06 22:50:29'),(7,'CHP',6,'2018-07-06 22:50:29','2018-07-06 22:50:29'),(8,'CHIH',6,'2018-07-06 22:50:29','2018-07-06 22:50:29'),(9,'CDMX',6,'2018-07-06 22:50:29','2018-07-06 22:50:29'),(10,'COAH',6,'2018-07-06 22:50:29','2018-07-06 22:50:29'),(11,'COL',6,'2018-07-06 22:50:29','2018-07-06 22:50:29'),(12,'DGO',6,'2018-07-06 22:50:29','2018-07-06 22:50:29'),(13,'GTO',6,'2018-07-06 22:50:29','2018-07-06 22:50:29'),(14,'GRO',6,'2018-07-06 22:50:29','2018-07-06 22:50:29'),(15,'HGO',6,'2018-07-06 22:50:29','2018-07-06 22:50:29'),(16,'JAL',6,'2018-07-06 22:50:29','2018-07-06 22:50:29'),(17,'EDOMEX',6,'2018-07-06 22:50:29','2018-07-06 22:50:29'),(18,'MICH',6,'2018-07-06 22:50:29','2018-07-06 22:50:29'),(19,'MOR',6,'2018-07-06 22:50:29','2018-07-06 22:50:29'),(20,'NAY',6,'2018-07-06 22:50:29','2018-07-06 22:50:29'),(21,'NL',6,'2018-07-06 22:50:29','2018-07-06 22:50:29'),(22,'OAX',6,'2018-07-06 22:50:29','2018-07-06 22:50:29'),(23,'PUE',6,'2018-07-06 22:50:29','2018-07-06 22:50:29'),(24,'QRO',6,'2018-07-06 22:50:29','2018-07-06 22:50:29'),(25,'QROO',6,'2018-07-06 22:50:29','2018-07-06 22:50:29'),(26,'SLP',6,'2018-07-06 22:50:29','2018-07-06 22:50:29'),(27,'SIN',6,'2018-07-06 22:50:29','2018-07-06 22:50:29'),(28,'SON',6,'2018-07-06 22:50:29','2018-07-06 22:50:29'),(29,'TAB',6,'2018-07-06 22:50:29','2018-07-06 22:50:29'),(30,'TAMPS',6,'2018-07-06 22:50:29','2018-07-06 22:50:29'),(31,'TLAX',6,'2018-07-06 22:50:29','2018-07-06 22:50:29'),(32,'VER',6,'2018-07-06 22:50:29','2018-07-06 22:50:29'),(33,'YUC',6,'2018-07-06 22:50:29','2018-07-06 22:50:29'),(34,'ZAC',6,'2018-07-06 22:50:29','2018-07-06 22:50:29'),(35,'MASCULINO',8,'2018-07-06 22:50:29','2018-07-06 22:50:29'),(36,'FEMENINO',8,'2018-07-06 22:50:29','2018-07-06 22:50:29'),(37,'PF',7,'2018-07-06 22:50:29','2018-07-06 22:50:29'),(38,'CNB',7,'2018-07-06 22:50:29','2018-07-06 22:50:29'),(39,'ADNMX',7,'2018-07-06 22:50:29','2018-07-06 22:50:29'),(40,'FGE-VER',7,'2018-07-06 22:50:29','2018-07-06 22:50:29'),(41,'NN',1,'2018-07-06 22:50:29','2018-07-06 22:50:29'),(42,'IND',1,'2018-07-06 22:50:29','2018-07-06 22:50:29'),(43,'fam-ags',2,'2018-07-06 22:50:29','2018-07-06 22:50:29'),(44,'FAM-COAH',2,'2018-07-06 22:50:29','2018-07-06 22:50:29'),(45,'FAM-BCS',2,'2018-07-06 22:50:29','2018-07-06 22:50:29'),(46,'FAM-COL',2,'2018-07-06 22:50:29','2018-07-06 22:50:29'),(47,'FAM-CDMX',2,'2018-07-06 22:50:29','2018-07-06 22:50:29'),(48,'FAM-EDOMEX',2,'2018-07-06 22:50:29','2018-07-06 22:50:29'),(49,'FAM-GTO',2,'2018-07-06 22:50:29','2018-07-06 22:50:29'),(50,'FAM-GRO',2,'2018-07-06 22:50:29','2018-07-06 22:50:29'),(51,'FAM-HGO',2,'2018-07-06 22:50:29','2018-07-06 22:50:29'),(52,'FAM-JAL',2,'2018-07-06 22:50:29','2018-07-06 22:50:29'),(53,'FAM-MICH',2,'2018-07-06 22:50:29','2018-07-06 22:50:29'),(54,'FAM-MOR',2,'2018-07-06 22:50:29','2018-07-06 22:50:29'),(55,'FAM-NL',2,'2018-07-06 22:50:29','2018-07-06 22:50:29'),(56,'FAM-PUE',2,'2018-07-06 22:50:29','2018-07-06 22:50:29'),(57,'FAM-SLP',2,'2018-07-06 22:50:29','2018-07-06 22:50:29'),(58,'FAM-TAM',2,'2018-07-06 22:50:29','2018-07-06 22:50:29'),(59,'FAM-VER',2,'2018-07-06 22:50:29','2018-07-06 22:50:29'),(60,'FAM-SIN',2,'2018-07-06 22:50:29','2018-07-06 22:50:29'),(61,'FAM-YUC',2,'2018-07-06 22:50:29','2018-07-06 22:50:29'),(62,'FAM-ZAC',2,'2018-07-06 22:50:29','2018-07-06 22:50:29'),(63,'FAM-CHIH',2,'2018-07-06 22:50:29','2018-07-06 22:50:29'),(64,'FAM-QTO',2,'2018-07-06 22:50:29','2018-07-06 22:50:29'),(65,'FAM-QROO',2,'2018-07-06 22:50:29','2018-07-06 22:50:29'),(66,'FAM-CHIH-CNB',5,'2018-07-06 22:50:29','2018-07-06 22:50:29'),(67,'FAM-EDOMEX-CNB',5,'2018-07-06 22:50:29','2018-07-06 22:50:29'),(68,'FAM-GRO-CNB',5,'2018-07-06 22:50:29','2018-07-06 22:50:29'),(69,'FAM-HGO-CNB',5,'2018-07-06 22:50:29','2018-07-06 22:50:29'),(70,'FAM-JAL-CNB',5,'2018-07-06 22:50:29','2018-07-06 22:50:29'),(71,'FAM-MICH-CNB',5,'2018-07-06 22:50:29','2018-07-06 22:50:29'),(72,'FAM-NL-CNB',5,'2018-07-06 22:50:29','2018-07-06 22:50:29'),(73,'fam-oax',2,'2018-07-06 22:50:29','2018-07-06 22:50:29'),(74,'FAM-OAX-CNB',5,'2018-07-06 22:50:29','2018-07-06 22:50:29'),(75,'FAM-QRO',2,'2018-07-06 22:50:29','2018-07-06 22:50:29'),(76,'FAM-QRO-CNB',5,'2018-07-06 22:50:29','2018-07-06 22:50:29'),(77,'FAM-SIN-CNB',5,'2018-07-06 22:50:29','2018-07-06 22:50:29'),(78,'FAM-YUC-CNB',5,'2018-07-06 22:50:29','2018-07-06 22:50:29'),(79,'FAM-ZAC-CNB',5,'2018-07-06 22:50:29','2018-07-06 22:50:29'),(80,'nn-ags',10,'2018-07-06 22:50:29','2018-07-06 22:50:29'),(81,'NN-CNB',12,'2018-07-06 22:50:29','2018-07-06 22:50:29'),(82,'NN-AGS-CNB',11,'2018-07-06 22:50:29','2018-07-06 22:50:29'),(83,'NN-EDOMEX',10,'2018-07-06 22:50:29','2018-07-06 22:50:29'),(84,'NN-GRO',10,'2018-07-06 22:50:29','2018-07-06 22:50:29'),(85,'NN-HGO',10,'2018-07-06 22:50:29','2018-07-06 22:50:29'),(86,'NN-MICH',10,'2018-07-06 22:50:29','2018-07-06 22:50:29'),(87,'NN-NL',10,'2018-07-06 22:50:29','2018-07-06 22:50:29'),(88,'NN-PUE',10,'2018-07-06 22:50:29','2018-07-06 22:50:29'),(89,'NN-QRO',10,'2018-07-06 22:50:29','2018-07-06 22:50:29'),(90,'NN-QROO',10,'2018-07-06 22:50:29','2018-07-06 22:50:29'),(91,'NN-SIN',10,'2018-07-06 22:50:29','2018-07-06 22:50:29'),(92,'NN-ZAC',10,'2018-07-06 22:50:29','2018-07-06 22:50:29'),(93,'NN-EDOMEX-CNB',11,'2018-07-06 22:50:29','2018-07-06 22:50:29'),(94,'NN-GRO-CNB',11,'2018-07-06 22:50:29','2018-07-06 22:50:29'),(95,'NN-HGO-CNB',11,'2018-07-06 22:50:29','2018-07-06 22:50:29'),(96,'NN-MICH-CNB',11,'2018-07-06 22:50:29','2018-07-06 22:50:29'),(97,'NN-NL-CNB',11,'2018-07-06 22:50:29','2018-07-06 22:50:29'),(98,'NN-PUE-CNB',11,'2018-07-06 22:50:29','2018-07-06 22:50:29'),(99,'NN-QRO-CNB',11,'2018-07-06 22:50:29','2018-07-06 22:50:29'),(100,'NN-QROO-CNB',11,'2018-07-06 22:50:29','2018-07-06 22:50:29'),(101,'NN-SIN-CNB',11,'2018-07-06 22:50:29','2018-07-06 22:50:29'),(102,'NN-ZAC-CNB',11,'2018-07-06 22:50:29','2018-07-06 22:50:29'),(103,'salvador',6,'2018-07-06 22:50:29','2018-07-06 22:50:29'),(104,'fam-salvador',2,'2018-07-06 22:50:29','2018-07-06 22:50:29'),(105,'FAM-SALVADOR-CNB',5,'2018-07-06 22:50:29','2018-07-06 22:50:29'),(106,'nn-bcn',10,'2018-07-06 22:50:29','2018-07-06 22:50:29'),(107,'NN-BCN-CNB',11,'2018-07-06 22:50:29','2018-07-06 22:50:29'),(108,'pgr',9,'2018-07-06 22:50:29','2018-07-06 22:50:29'),(109,'nn-pgr',12,'2018-07-06 22:50:29','2018-07-06 22:50:29'),(110,'nn-2011',13,'2018-07-06 22:50:29','2018-07-06 22:50:29'),(111,'NN-2011-PGR',14,'2018-07-06 22:50:29','2018-07-06 22:50:29'),(112,'nn-2012',13,'2018-07-06 22:50:29','2018-07-06 22:50:29'),(113,'NN-2012-PGR',14,'2018-07-06 22:50:29','2018-07-06 22:50:29'),(114,'NN-2013',13,'2018-07-06 22:50:29','2018-07-06 22:50:29'),(115,'NN-2014',13,'2018-07-06 22:50:29','2018-07-06 22:50:29'),(116,'NN-2015',13,'2018-07-06 22:50:29','2018-07-06 22:50:29'),(117,'NN-2016',13,'2018-07-06 22:50:29','2018-07-06 22:50:29'),(118,'NN-2013-PGR',14,'2018-07-06 22:50:29','2018-07-06 22:50:29'),(119,'NN-2014-PGR',14,'2018-07-06 22:50:29','2018-07-06 22:50:29'),(120,'NN-2015-PGR',14,'2018-07-06 22:50:29','2018-07-06 22:50:29'),(121,'NN-2016-PGR',14,'2018-07-06 22:50:29','2018-07-06 22:50:29'),(122,'IND-2011',16,'2018-07-06 22:50:29','2018-07-06 22:50:29'),(123,'IND-2012',16,'2018-07-06 22:50:29','2018-07-06 22:50:29'),(124,'IND-2013',16,'2018-07-06 22:50:29','2018-07-06 22:50:29'),(125,'IND-2014',16,'2018-07-06 22:50:29','2018-07-06 22:50:29'),(126,'IND-2015',16,'2018-07-06 22:50:29','2018-07-06 22:50:29'),(127,'IND-2016',16,'2018-07-06 22:50:29','2018-07-06 22:50:29'),(128,'IND-PGR',17,'2018-07-06 22:50:29','2018-07-06 22:50:29'),(129,'IND-PF',17,'2018-07-06 22:50:29','2018-07-06 22:50:29'),(130,'IND-CNB',17,'2018-07-06 22:50:29','2018-07-06 22:50:29'),(131,'IND-2011-PGR',18,'2018-07-06 22:50:29','2018-07-06 22:50:29'),(132,'IND-2012-PGR',18,'2018-07-06 22:50:29','2018-07-06 22:50:29'),(133,'IND-2013-PGR',18,'2018-07-06 22:50:29','2018-07-06 22:50:29'),(134,'IND-2014-PGR',18,'2018-07-06 22:50:29','2018-07-06 22:50:29'),(135,'IND-2015-PGR',18,'2018-07-06 22:50:29','2018-07-06 22:50:29'),(136,'IND-2016-PGR',18,'2018-07-06 22:50:29','2018-07-06 22:50:29'),(137,'fam-fge-ver',4,'2018-07-06 22:50:29','2018-07-06 22:50:29'),(138,'FAM-VER-FGE-VER',5,'2018-07-06 22:50:29','2018-07-06 22:50:29'),(139,'nn-ver',10,'2018-07-06 22:50:29','2018-07-06 22:50:29'),(140,'nn-fge-ver',12,'2018-07-06 22:50:29','2018-07-06 22:50:29'),(141,'nn-fge-ver-ver',11,'2018-07-06 22:50:29','2018-07-06 22:50:29'),(142,'FAM-2011',19,'2018-07-06 22:50:29','2018-07-06 22:50:29'),(143,'FAM-2012',19,'2018-07-06 22:50:29','2018-07-06 22:50:29'),(144,'FAM-2013',19,'2018-07-06 22:50:29','2018-07-06 22:50:29'),(145,'FAM-2014',19,'2018-07-06 22:50:29','2018-07-06 22:50:29'),(146,'FAM-2015',19,'2018-07-06 22:50:29','2018-07-06 22:50:29'),(147,'FAM-2016',19,'2018-07-06 22:50:29','2018-07-06 22:50:29'),(148,'FAM-2011-PGR',20,'2018-07-06 22:50:29','2018-07-06 22:50:29'),(149,'FAM-2012-PGR',20,'2018-07-06 22:50:29','2018-07-06 22:50:29'),(150,'FAM-2013-PGR',20,'2018-07-06 22:50:29','2018-07-06 22:50:29'),(151,'FAM-2014-PGR',20,'2018-07-06 22:50:29','2018-07-06 22:50:29'),(152,'FAM-2015-PGR',20,'2018-07-06 22:50:29','2018-07-06 22:50:29'),(153,'FAM-2016-PGR',20,'2018-07-06 22:50:29','2018-07-06 22:50:29'),(154,'fam-2011-2016',19,'2018-07-06 22:50:29','2018-07-06 22:50:29'),(155,'fam-pgr',4,'2018-07-06 22:50:29','2018-07-06 22:50:29'),(156,'fam-2011-2016-pgr',20,'2018-07-06 22:50:29','2018-07-06 22:50:29'),(157,'fam-2011-2013',19,'2018-07-06 22:50:29','2018-07-06 22:50:29'),(158,'fam-2011-2013-pgr',20,'2018-07-06 22:50:29','2018-07-06 22:50:29'),(159,'ind-oax',21,'2018-07-06 22:50:29','2018-07-06 22:50:29'),(160,'IND-OAX-CNB',22,'2018-07-06 22:50:29','2018-07-06 22:50:29'),(161,'nn-oax',10,'2018-07-06 22:50:29','2018-07-06 22:50:29'),(162,'nn-slp-2015',23,'2018-07-06 22:50:29','2018-07-06 22:50:29'),(163,'nn-slp',10,'2018-07-06 22:50:29','2018-07-06 22:50:29'),(164,'nn-slp-2016',23,'2018-07-06 22:50:29','2018-07-06 22:50:29'),(165,'nn-col',10,'2018-07-06 22:50:29','2018-07-06 22:50:29'),(166,'jojutla',9,'2018-07-06 22:50:29','2018-07-06 22:50:29'),(167,'fam-jojutla',2,'2018-07-06 22:50:29','2018-07-06 22:50:29'),(168,'nn-mor',10,'2018-07-06 22:50:29','2018-07-06 22:50:29'),(169,'nn-jojutla',10,'2018-07-06 22:50:29','2018-07-06 22:50:29'),(170,'tetelcingo',9,'2018-07-06 22:50:29','2018-07-06 22:50:29'),(171,'fam-tetelcingo',2,'2018-07-06 22:50:29','2018-07-06 22:50:29'),(172,'nn-tetelcingo',10,'2018-07-06 22:50:29','2018-07-06 22:50:29'),(173,'nn-2017',13,'2018-07-06 22:50:29','2018-07-06 22:50:29'),(174,'nn-2017-FGE-ver',14,'2018-07-06 22:50:29','2018-07-06 22:50:29'),(175,'PERFILES DIRECTOS',1,'2018-07-06 22:50:29','2018-07-06 22:50:29'),(176,'nn-pf',12,'2018-07-06 22:50:29','2018-07-06 22:50:29'),(177,'nn-coah',10,'2018-07-06 22:50:29','2018-07-06 22:50:29'),(178,'nn-coah-pf',11,'2018-07-06 22:50:29','2018-07-06 22:50:29'),(179,'nn-gro-pf',11,'2018-07-06 22:50:29','2018-07-06 22:50:29'),(180,'NN-MOR-PF',11,'2018-07-06 22:50:29','2018-07-06 22:50:29'),(181,'nn-ver-pf',11,'2018-07-06 22:50:29','2018-07-06 22:50:29'),(182,'ind-coah',21,'2018-07-06 22:50:29','2018-07-06 22:50:29'),(183,'ind-coah-pf',22,'2018-07-06 22:50:29','2018-07-06 22:50:29'),(184,'ind-cdmx',21,'2018-07-06 22:50:29','2018-07-06 22:50:29'),(185,'ind-cdmx-pf',22,'2018-07-06 22:50:29','2018-07-06 22:50:29'),(186,'ind-edomex',21,'2018-07-06 22:50:29','2018-07-06 22:50:29'),(187,'ind-edomex-pf',22,'2018-07-06 22:50:29','2018-07-06 22:50:29'),(188,'ind-jal',21,'2018-07-06 22:50:29','2018-07-06 22:50:29'),(189,'ind-jal-pf',22,'2018-07-06 22:50:29','2018-07-06 22:50:29'),(190,'ind-mor',21,'2018-07-06 22:50:29','2018-07-06 22:50:29'),(191,'ind-mor-pf',22,'2018-07-06 22:50:29','2018-07-06 22:50:29'),(192,'ind-tamps',21,'2018-07-06 22:50:29','2018-07-06 22:50:29'),(193,'ind-tamps-pf',22,'2018-07-06 22:50:29','2018-07-06 22:50:29'),(194,'ind-ver',21,'2018-07-06 22:50:29','2018-07-06 22:50:29'),(195,'ind-ver-pf',22,'2018-07-06 22:50:29','2018-07-06 22:50:29'),(196,'FAM-COAH-CNB',5,'2018-07-06 22:50:29','2018-07-06 22:50:29'),(197,'nn-mor-adnmx',11,'2018-07-06 22:50:29','2018-07-06 22:50:29'),(198,'nn-adnmx',12,'2018-07-06 22:50:29','2018-07-06 22:50:29'),(199,'150-mor',9,'2018-07-06 22:50:29','2018-07-06 22:50:29'),(200,'NN-VER-CNB',11,'2018-07-06 22:50:29','2018-07-06 22:50:29'),(201,'nn-colinas-santa-fe',10,'2018-07-06 22:50:29','2018-07-06 22:50:29'),(202,'fam-colinas-santa-fe',2,'2018-07-06 22:50:29','2018-07-06 22:50:29'),(203,'fam-coah-adnmx',5,'2018-07-06 22:50:29','2018-07-06 22:50:29'),(204,'fam-adnmx',4,'2018-07-06 22:50:29','2018-07-06 22:50:29'),(205,'78-2018-07',24,'2018-07-06 22:50:29','2018-07-06 22:50:29'),(206,'79-2018-07',24,'2018-07-06 22:50:29','2018-07-06 22:50:29'),(207,'nn-coah-adnmx',11,'2018-07-06 22:50:29','2018-07-06 22:50:29'),(208,'03-2016-07',24,'2018-07-06 22:50:29','2018-07-06 22:50:29'),(209,'04-2016-A-07',24,'2018-07-06 22:50:29','2018-07-06 22:50:29'),(210,'NN-04-2016-A-07',24,'2018-07-06 22:50:29','2018-07-06 22:50:29'),(211,'FAM-04-2016-A-07',24,'2018-07-06 22:50:29','2018-07-06 22:50:29'),(212,'NN-IDENTIFICADO',25,'2018-07-06 22:50:29','2018-07-06 22:50:29'),(213,'FAM-IDENTIFICADO',25,'2018-07-06 22:50:29','2018-07-06 22:50:29'),(214,'08-2017-07',24,'2018-07-06 22:50:29','2018-07-06 22:50:29'),(215,'09-2017-07',24,'2018-07-06 22:50:29','2018-07-06 22:50:29'),(216,'17-2017-07',24,'2018-07-06 22:50:29','2018-07-06 22:50:29'),(217,'19-2017-07',24,'2018-07-06 22:50:29','2018-07-06 22:50:29'),(218,'Fam-gpo-guatemalteco',9,'2018-07-06 22:50:29','2018-07-06 22:50:29'),(219,'22-2017-07',24,'2018-07-06 22:50:29','2018-07-06 22:50:29'),(220,'24-2017-07',24,'2018-07-06 22:50:29','2018-07-06 22:50:29'),(221,'25-2017-07',24,'2018-07-06 22:50:29','2018-07-06 22:50:29'),(222,'32-2017-07',24,'2018-07-06 22:50:29','2018-07-06 22:50:29'),(223,'37-2017-07',24,'2018-07-06 22:50:29','2018-07-06 22:50:29'),(224,'38-2017-07',24,'2018-07-06 22:50:29','2018-07-06 22:50:29'),(225,'39-2017-07',24,'2018-07-06 22:50:29','2018-07-06 22:50:29'),(226,'43-2017-07',24,'2018-07-06 22:50:29','2018-07-06 22:50:29'),(227,'44-2017-07',24,'2018-07-06 22:50:29','2018-07-06 22:50:29'),(228,'45-2017-07',24,'2018-07-06 22:50:29','2018-07-06 22:50:29'),(229,'46-2017-07',24,'2018-07-06 22:50:30','2018-07-06 22:50:30'),(230,'47-2017-07',24,'2018-07-06 22:50:30','2018-07-06 22:50:30'),(231,'48-2017-07',24,'2018-07-06 22:50:30','2018-07-06 22:50:30'),(232,'51-2017-07',24,'2018-07-06 22:50:30','2018-07-06 22:50:30'),(233,'62-2017-07',24,'2018-07-06 22:50:30','2018-07-06 22:50:30'),(234,'fam-chih-adnmx',5,'2018-07-06 22:50:30','2018-07-06 22:50:30'),(235,'63-2017-06',24,'2018-07-06 22:50:30','2018-07-06 22:50:30'),(236,'64-2017-07',24,'2018-07-06 22:50:30','2018-07-06 22:50:30'),(237,'fam-ver-adnmx',5,'2018-07-06 22:50:30','2018-07-06 22:50:30'),(238,'67-2017-30',24,'2018-07-06 22:50:30','2018-07-06 22:50:30'),(239,'fam-07-2017-30',24,'2018-07-06 22:50:30','2018-07-06 22:50:30'),(240,'nn-ver-adnmx',11,'2018-07-06 22:50:30','2018-07-06 22:50:30'),(241,'nn-07-2017-30',24,'2018-07-06 22:50:30','2018-07-06 22:50:30'),(242,'10-2017-30',24,'2018-07-06 22:50:30','2018-07-06 22:50:30'),(243,'15-2017-30',24,'2018-07-06 22:50:30','2018-07-06 22:50:30'),(244,'16-2017-30',24,'2018-07-06 22:50:30','2018-07-06 22:50:30'),(245,'20-2017-30',24,'2018-07-06 22:50:30','2018-07-06 22:50:30'),(246,'28',9,'2018-07-06 22:50:30','2018-07-06 22:50:30'),(247,'28-2017-30',24,'2018-07-06 22:50:30','2018-07-06 22:50:30'),(248,'29-2017-30',24,'2018-07-06 22:50:30','2018-07-06 22:50:30'),(249,'34-2017-30',24,'2018-07-06 22:50:30','2018-07-06 22:50:30'),(250,'35-2017-30',24,'2018-07-06 22:50:30','2018-07-06 22:50:30'),(251,'42-2017-30',24,'2018-07-06 22:50:30','2018-07-06 22:50:30'),(252,'53-2017-30',24,'2018-07-06 22:50:30','2018-07-06 22:50:30'),(253,'70-2018-30',24,'2018-07-06 22:50:30','2018-07-06 22:50:30'),(254,'71-2018-13',24,'2018-07-06 22:50:30','2018-07-06 22:50:30'),(255,'fam-gro-adnmx',5,'2018-07-06 22:50:30','2018-07-06 22:50:30'),(256,'fam-mich-adnmx',5,'2018-07-06 22:50:30','2018-07-06 22:50:30'),(257,'69-2017-16',24,'2018-07-06 22:50:30','2018-07-06 22:50:30'),(258,'73-2018-16',24,'2018-07-06 22:50:30','2018-07-06 22:50:30'),(259,'fam-pue-adnmx',5,'2018-07-06 22:50:30','2018-07-06 22:50:30'),(260,'68-2017-21',24,'2018-07-06 22:50:30','2018-07-06 22:50:30'),(261,'52-2017-17',24,'2018-07-06 22:50:30','2018-07-06 22:50:30'),(262,'personal-ADNMX',15,'2018-07-06 22:50:30','2018-07-06 22:50:30'),(263,'nn-gro-adnmx',11,'2018-07-06 22:50:30','2018-07-06 22:50:30'),(264,'nn-77-2018-13',24,'2018-07-06 22:50:30','2018-07-06 22:50:30'),(265,'fam-77-2018-13',24,'2018-07-06 22:50:30','2018-07-06 22:50:30'),(266,'Global',9,'2018-07-06 22:50:30','2018-07-06 22:50:30'),(267,'GLOBAL-FAM',15,'2018-07-06 22:50:30','2018-07-06 22:50:30'),(268,'GLOBAL-NN',15,'2018-07-06 22:50:30','2018-07-06 22:50:30'),(269,'FAM-AGS-CNB',5,'2018-07-06 22:50:30','2018-07-06 22:50:30'),(270,'NN-OAX-CNB',11,'2018-07-06 22:50:30','2018-07-06 22:50:30'),(271,'FAM-VER-CNB',5,'2018-07-06 22:50:30','2018-07-06 22:50:30'),(272,'N63325',26,'2018-07-06 22:50:30','2018-07-06 22:50:30'),(273,'N63326',26,'2018-07-06 22:50:30','2018-07-06 22:50:30'),(274,'N63328',26,'2018-07-06 22:50:30','2018-07-06 22:50:30'),(275,'fam-ver-pgr',5,'2018-07-06 22:50:30','2018-07-06 22:50:30'),(276,'FAM-CASTRO-GURROLA',26,'2018-07-06 22:50:30','2018-07-06 22:50:30'),(277,'FAM-CAMPILLO-CARRETO',26,'2018-07-06 22:50:30','2018-07-06 22:50:30'),(278,'FAM-VALENZUELA-GONZALEZ',26,'2018-07-06 22:50:30','2018-07-06 22:50:30'),(279,'FAM-RIVERA-DIAZ',26,'2018-07-06 22:50:30','2018-07-06 22:50:30'),(280,'FAM-GRO-PGR',5,'2018-07-06 22:50:30','2018-07-06 22:50:30'),(281,'75-2018-30',24,'2018-07-06 22:50:30','2018-07-06 22:50:30'),(282,'NN-CAMP-PF',11,'2018-07-06 22:50:30','2018-07-06 22:50:30'),(283,'NN-CHIH-PF',11,'2018-07-06 22:50:30','2018-07-06 22:50:30'),(284,'NN-CDMX-PF',11,'2018-07-06 22:50:30','2018-07-06 22:50:30'),(285,'NN-EDOMEX-PF',11,'2018-07-06 22:50:30','2018-07-06 22:50:30'),(286,'NN-HGO-PF',11,'2018-07-06 22:50:30','2018-07-06 22:50:30'),(287,'NN-INTER-PF',11,'2018-07-06 22:50:30','2018-07-06 22:50:30'),(288,'NN-JAL-PF',11,'2018-07-06 22:50:30','2018-07-06 22:50:30'),(289,'NN-MICH-PF',11,'2018-07-06 22:50:30','2018-07-06 22:50:30'),(290,'NN-NL-PF',11,'2018-07-06 22:50:30','2018-07-06 22:50:30'),(291,'NN-SLP-PF',11,'2018-07-06 22:50:30','2018-07-06 22:50:30'),(292,'NN-TAMPS-PF',11,'2018-07-06 22:50:30','2018-07-06 22:50:30'),(293,'NN-ZAC-PF',11,'2018-07-06 22:50:30','2018-07-06 22:50:30'),(294,'NN-TAMPS',10,'2018-07-06 22:50:30','2018-07-06 22:50:30'),(295,'NN-JAL',10,'2018-07-06 22:50:30','2018-07-06 22:50:30'),(296,'INTERNACIONAL',6,'2018-07-06 22:50:30','2018-07-06 22:50:30'),(297,'NN-INTER',10,'2018-07-06 22:50:30','2018-07-06 22:50:30'),(298,'NN-CDMX',10,'2018-07-06 22:50:30','2018-07-06 22:50:30'),(299,'NN-CHIH',10,'2018-07-06 22:50:30','2018-07-06 22:50:30'),(300,'NN-CAMP',10,'2018-07-06 22:50:30','2018-07-06 22:50:30'),(301,'fam-rivera-herrera',26,'2018-07-06 22:50:30','2018-07-06 22:50:30'),(302,'80-2018-16',9,'2018-07-06 22:50:30','2018-07-06 22:50:30'),(303,'FAM-',15,'2018-07-06 22:50:30','2018-07-06 22:50:30'),(304,'FAM-GONZALEZ-ARRIAGA',26,'2018-07-06 22:50:30','2018-07-06 22:50:30'),(305,'FAM-GOMEZ-ORTIZ',26,'2018-07-06 22:50:30','2018-07-06 22:50:30'),(306,'fam-chih-fge-chih',9,'2018-07-06 22:50:30','2018-07-06 22:50:30'),(307,'fge-chih',9,'2018-07-06 22:50:30','2018-07-06 22:50:30'),(308,'fam-fge-chih',9,'2018-07-06 22:50:30','2018-07-06 22:50:30');
/*!40000 ALTER TABLE `etiquetas` ENABLE KEYS */;
UNLOCK TABLES;

--
-- Table structure for table `etiquetas_asignadas`
--

DROP TABLE IF EXISTS `etiquetas_asignadas`;
/*!40101 SET @saved_cs_client     = @@character_set_client */;
/*!40101 SET character_set_client = utf8 */;
CREATE TABLE `etiquetas_asignadas` (
  `id` int(10) unsigned NOT NULL AUTO_INCREMENT,
  `id_etiqueta` int(10) unsigned NOT NULL,
  `id_perfil_genetico` int(10) unsigned NOT NULL,
  `created_at` timestamp NULL DEFAULT NULL,
  `updated_at` timestamp NULL DEFAULT NULL,
  PRIMARY KEY (`id`),
  KEY `etiquetas_asignadas_id_etiqueta_foreign` (`id_etiqueta`),
  KEY `etiquetas_asignadas_id_perfil_genetico_foreign` (`id_perfil_genetico`),
  CONSTRAINT `etiquetas_asignadas_id_etiqueta_foreign` FOREIGN KEY (`id_etiqueta`) REFERENCES `etiquetas` (`id`) ON DELETE CASCADE,
  CONSTRAINT `etiquetas_asignadas_id_perfil_genetico_foreign` FOREIGN KEY (`id_perfil_genetico`) REFERENCES `perfiles_geneticos` (`id`) ON DELETE CASCADE
) ENGINE=InnoDB AUTO_INCREMENT=26 DEFAULT CHARSET=utf8mb4 COLLATE=utf8mb4_unicode_ci;
/*!40101 SET character_set_client = @saved_cs_client */;

--
-- Dumping data for table `etiquetas_asignadas`
--

LOCK TABLES `etiquetas_asignadas` WRITE;
/*!40000 ALTER TABLE `etiquetas_asignadas` DISABLE KEYS */;
INSERT INTO `etiquetas_asignadas` VALUES (1,115,1,'2018-07-06 22:53:15','2018-07-06 22:53:15'),(2,116,1,'2018-07-06 22:53:15','2018-07-06 22:53:15'),(3,117,1,'2018-07-06 22:53:15','2018-07-06 22:53:15'),(4,115,2,'2018-07-06 22:53:16','2018-07-06 22:53:16'),(5,116,2,'2018-07-06 22:53:16','2018-07-06 22:53:16'),(6,117,2,'2018-07-06 22:53:16','2018-07-06 22:53:16'),(7,115,3,'2018-07-06 22:53:16','2018-07-06 22:53:16'),(8,116,3,'2018-07-06 22:53:16','2018-07-06 22:53:16'),(9,117,3,'2018-07-06 22:53:16','2018-07-06 22:53:16'),(10,115,4,'2018-07-06 22:53:16','2018-07-06 22:53:16'),(11,116,4,'2018-07-06 22:53:16','2018-07-06 22:53:16'),(12,117,4,'2018-07-06 22:53:17','2018-07-06 22:53:17'),(13,115,5,'2018-07-06 22:53:17','2018-07-06 22:53:17'),(14,116,5,'2018-07-06 22:53:17','2018-07-06 22:53:17'),(15,117,5,'2018-07-06 22:53:17','2018-07-06 22:53:17'),(16,115,6,'2018-07-06 22:53:17','2018-07-06 22:53:17'),(17,116,6,'2018-07-06 22:53:17','2018-07-06 22:53:17'),(18,117,6,'2018-07-06 22:53:17','2018-07-06 22:53:17'),(19,145,7,'2018-07-06 22:54:23','2018-07-06 22:54:23'),(20,145,8,'2018-07-06 22:54:24','2018-07-06 22:54:24'),(21,145,9,'2018-07-06 22:54:24','2018-07-06 22:54:24'),(22,145,10,'2018-07-06 22:54:24','2018-07-06 22:54:24'),(23,145,11,'2018-07-06 22:54:25','2018-07-06 22:54:25'),(24,145,12,'2018-07-06 22:54:25','2018-07-06 22:54:25'),(25,145,13,'2018-07-06 22:54:26','2018-07-06 22:54:26');
/*!40000 ALTER TABLE `etiquetas_asignadas` ENABLE KEYS */;
UNLOCK TABLES;

--
-- Table structure for table `frecuencias`
--

DROP TABLE IF EXISTS `frecuencias`;
/*!40101 SET @saved_cs_client     = @@character_set_client */;
/*!40101 SET character_set_client = utf8 */;
CREATE TABLE `frecuencias` (
  `id` int(10) unsigned NOT NULL AUTO_INCREMENT,
  `id_importacion` int(10) unsigned NOT NULL,
  `id_marcador` int(10) unsigned NOT NULL,
  `alelo` varchar(255) COLLATE utf8mb4_unicode_ci NOT NULL,
  `frecuencia` double(6,4) NOT NULL,
  `created_at` timestamp NULL DEFAULT NULL,
  `updated_at` timestamp NULL DEFAULT NULL,
  PRIMARY KEY (`id`),
  KEY `frecuencias_id_importacion_foreign` (`id_importacion`),
  KEY `frecuencias_id_marcador_foreign` (`id_marcador`),
  CONSTRAINT `frecuencias_id_importacion_foreign` FOREIGN KEY (`id_importacion`) REFERENCES `importacion_frecuencias` (`id`) ON DELETE CASCADE,
  CONSTRAINT `frecuencias_id_marcador_foreign` FOREIGN KEY (`id_marcador`) REFERENCES `marcadores` (`id`) ON DELETE CASCADE
) ENGINE=InnoDB AUTO_INCREMENT=300 DEFAULT CHARSET=utf8mb4 COLLATE=utf8mb4_unicode_ci;
/*!40101 SET character_set_client = @saved_cs_client */;

--
-- Dumping data for table `frecuencias`
--

LOCK TABLES `frecuencias` WRITE;
/*!40000 ALTER TABLE `frecuencias` DISABLE KEYS */;
INSERT INTO `frecuencias` VALUES (1,1,12,'*',0.0097,'2018-07-06 22:52:33','2018-07-06 22:52:33'),(2,1,12,'8',0.0194,'2018-07-06 22:52:33','2018-07-06 22:52:33'),(3,1,12,'9',0.0158,'2018-07-06 22:52:33','2018-07-06 22:52:33'),(4,1,12,'10',0.0739,'2018-07-06 22:52:33','2018-07-06 22:52:33'),(5,1,12,'11',0.0880,'2018-07-06 22:52:33','2018-07-06 22:52:33'),(6,1,12,'12',0.1285,'2018-07-06 22:52:33','2018-07-06 22:52:33'),(7,1,12,'13',0.2853,'2018-07-06 22:52:33','2018-07-06 22:52:33'),(8,1,12,'14',0.2482,'2018-07-06 22:52:33','2018-07-06 22:52:33'),(9,1,12,'15',0.1144,'2018-07-06 22:52:33','2018-07-06 22:52:33'),(10,1,12,'16',0.0229,'2018-07-06 22:52:33','2018-07-06 22:52:33'),(11,1,12,'17',0.0018,'2018-07-06 22:52:33','2018-07-06 22:52:33'),(12,1,12,'18',0.0018,'2018-07-06 22:52:33','2018-07-06 22:52:33'),(13,1,5,'*',0.0098,'2018-07-06 22:52:33','2018-07-06 22:52:33'),(14,1,5,'24.2',0.0035,'2018-07-06 22:52:33','2018-07-06 22:52:33'),(15,1,5,'25',0.0018,'2018-07-06 22:52:33','2018-07-06 22:52:33'),(16,1,5,'25.2',0.0035,'2018-07-06 22:52:33','2018-07-06 22:52:33'),(17,1,5,'27',0.0282,'2018-07-06 22:52:33','2018-07-06 22:52:33'),(18,1,5,'28',0.1056,'2018-07-06 22:52:33','2018-07-06 22:52:33'),(19,1,5,'29',0.2095,'2018-07-06 22:52:33','2018-07-06 22:52:33'),(20,1,5,'30',0.2763,'2018-07-06 22:52:33','2018-07-06 22:52:33'),(21,1,5,'30.2',0.0352,'2018-07-06 22:52:33','2018-07-06 22:52:33'),(22,1,5,'31',0.0616,'2018-07-06 22:52:33','2018-07-06 22:52:33'),(23,1,5,'31.2',0.1109,'2018-07-06 22:52:33','2018-07-06 22:52:33'),(24,1,5,'32',0.0141,'2018-07-06 22:52:33','2018-07-06 22:52:33'),(25,1,5,'32.2',0.1127,'2018-07-06 22:52:33','2018-07-06 22:52:33'),(26,1,5,'33.2',0.0335,'2018-07-06 22:52:33','2018-07-06 22:52:33'),(27,1,5,'34.2',0.0018,'2018-07-06 22:52:33','2018-07-06 22:52:33'),(28,1,5,'35.2',0.0018,'2018-07-06 22:52:33','2018-07-06 22:52:33'),(29,1,21,'*',0.0093,'2018-07-06 22:52:33','2018-07-06 22:52:33'),(30,1,21,'7',0.0229,'2018-07-06 22:52:33','2018-07-06 22:52:33'),(31,1,21,'8',0.1408,'2018-07-06 22:52:33','2018-07-06 22:52:33'),(32,1,21,'9',0.1408,'2018-07-06 22:52:33','2018-07-06 22:52:33'),(33,1,21,'9.1',0.0018,'2018-07-06 22:52:33','2018-07-06 22:52:33'),(34,1,21,'10',0.2835,'2018-07-06 22:52:33','2018-07-06 22:52:33'),(35,1,21,'11',0.2095,'2018-07-06 22:52:34','2018-07-06 22:52:34'),(36,1,21,'12',0.1514,'2018-07-06 22:52:34','2018-07-06 22:52:34'),(37,1,21,'13',0.0405,'2018-07-06 22:52:34','2018-07-06 22:52:34'),(38,1,21,'14',0.0088,'2018-07-06 22:52:34','2018-07-06 22:52:34'),(39,1,18,'*',0.0091,'2018-07-06 22:52:34','2018-07-06 22:52:34'),(40,1,18,'7',0.0018,'2018-07-06 22:52:34','2018-07-06 22:52:34'),(41,1,18,'8',0.0053,'2018-07-06 22:52:34','2018-07-06 22:52:34'),(42,1,18,'9',0.0229,'2018-07-06 22:52:34','2018-07-06 22:52:34'),(43,1,18,'10',0.2623,'2018-07-06 22:52:34','2018-07-06 22:52:34'),(44,1,18,'11',0.3011,'2018-07-06 22:52:34','2018-07-06 22:52:34'),(45,1,18,'12',0.3150,'2018-07-06 22:52:34','2018-07-06 22:52:34'),(46,1,18,'13',0.0775,'2018-07-06 22:52:34','2018-07-06 22:52:34'),(47,1,18,'14',0.0141,'2018-07-06 22:52:34','2018-07-06 22:52:34'),(48,1,3,'*',0.0095,'2018-07-06 22:52:34','2018-07-06 22:52:34'),(49,1,3,'11',0.0018,'2018-07-06 22:52:34','2018-07-06 22:52:34'),(50,1,3,'12',0.0018,'2018-07-06 22:52:34','2018-07-06 22:52:34'),(51,1,3,'13',0.0018,'2018-07-06 22:52:34','2018-07-06 22:52:34'),(52,1,3,'14',0.1127,'2018-07-06 22:52:34','2018-07-06 22:52:34'),(53,1,3,'15',0.2394,'2018-07-06 22:52:34','2018-07-06 22:52:34'),(54,1,3,'16',0.2552,'2018-07-06 22:52:34','2018-07-06 22:52:34'),(55,1,3,'17',0.1901,'2018-07-06 22:52:34','2018-07-06 22:52:34'),(56,1,3,'18',0.1937,'2018-07-06 22:52:34','2018-07-06 22:52:34'),(57,1,3,'19',0.0035,'2018-07-06 22:52:34','2018-07-06 22:52:34'),(58,1,2,'*',0.0094,'2018-07-06 22:52:34','2018-07-06 22:52:34'),(59,1,2,'6',0.2588,'2018-07-06 22:52:34','2018-07-06 22:52:34'),(60,1,2,'7',0.1796,'2018-07-06 22:52:34','2018-07-06 22:52:34'),(61,1,2,'8',0.0986,'2018-07-06 22:52:34','2018-07-06 22:52:34'),(62,1,2,'9',0.1937,'2018-07-06 22:52:34','2018-07-06 22:52:34'),(63,1,2,'9.3',0.2605,'2018-07-06 22:52:34','2018-07-06 22:52:34'),(64,1,2,'10',0.0088,'2018-07-06 22:52:34','2018-07-06 22:52:34'),(65,1,19,'*',0.0093,'2018-07-06 22:52:34','2018-07-06 22:52:34'),(66,1,19,'8',0.1426,'2018-07-06 22:52:34','2018-07-06 22:52:34'),(67,1,19,'9',0.0634,'2018-07-06 22:52:34','2018-07-06 22:52:34'),(68,1,19,'10',0.0493,'2018-07-06 22:52:34','2018-07-06 22:52:34'),(69,1,19,'11',0.3080,'2018-07-06 22:52:34','2018-07-06 22:52:34'),(70,1,19,'12',0.2782,'2018-07-06 22:52:34','2018-07-06 22:52:34'),(71,1,19,'13',0.1092,'2018-07-06 22:52:34','2018-07-06 22:52:34'),(72,1,19,'14',0.0493,'2018-07-06 22:52:34','2018-07-06 22:52:34'),(73,1,17,'*',0.0091,'2018-07-06 22:52:34','2018-07-06 22:52:34'),(74,1,17,'8',0.0229,'2018-07-06 22:52:34','2018-07-06 22:52:34'),(75,1,17,'9',0.1021,'2018-07-06 22:52:34','2018-07-06 22:52:34'),(76,1,17,'10',0.0440,'2018-07-06 22:52:34','2018-07-06 22:52:34'),(77,1,17,'11',0.3028,'2018-07-06 22:52:34','2018-07-06 22:52:34'),(78,1,17,'12',0.3064,'2018-07-06 22:52:34','2018-07-06 22:52:34'),(79,1,17,'13',0.1972,'2018-07-06 22:52:34','2018-07-06 22:52:34'),(80,1,17,'14',0.0246,'2018-07-06 22:52:34','2018-07-06 22:52:34'),(81,1,13,'*',0.0100,'2018-07-06 22:52:34','2018-07-06 22:52:34'),(82,1,13,'16',0.0739,'2018-07-06 22:52:34','2018-07-06 22:52:34'),(83,1,13,'17',0.2446,'2018-07-06 22:52:34','2018-07-06 22:52:34'),(84,1,13,'18',0.0634,'2018-07-06 22:52:34','2018-07-06 22:52:34'),(85,1,13,'19',0.1109,'2018-07-06 22:52:34','2018-07-06 22:52:34'),(86,1,13,'20',0.1761,'2018-07-06 22:52:34','2018-07-06 22:52:34'),(87,1,13,'21',0.0282,'2018-07-06 22:52:34','2018-07-06 22:52:34'),(88,1,13,'22',0.0194,'2018-07-06 22:52:34','2018-07-06 22:52:34'),(89,1,13,'23',0.0845,'2018-07-06 22:52:34','2018-07-06 22:52:34'),(90,1,13,'24',0.1004,'2018-07-06 22:52:34','2018-07-06 22:52:34'),(91,1,13,'25',0.0845,'2018-07-06 22:52:34','2018-07-06 22:52:34'),(92,1,13,'26',0.0141,'2018-07-06 22:52:34','2018-07-06 22:52:34'),(93,1,11,'*',0.0097,'2018-07-06 22:52:34','2018-07-06 22:52:34'),(94,1,11,'10',0.0018,'2018-07-06 22:52:34','2018-07-06 22:52:34'),(95,1,11,'11',0.0070,'2018-07-06 22:52:34','2018-07-06 22:52:34'),(96,1,11,'12',0.0951,'2018-07-06 22:52:34','2018-07-06 22:52:34'),(97,1,11,'12.2',0.0018,'2018-07-06 22:52:34','2018-07-06 22:52:34'),(98,1,11,'13',0.2518,'2018-07-06 22:52:34','2018-07-06 22:52:34'),(99,1,11,'13.2',0.0123,'2018-07-06 22:52:34','2018-07-06 22:52:34'),(100,1,11,'14',0.3397,'2018-07-06 22:52:34','2018-07-06 22:52:34'),(101,1,11,'14.2',0.0352,'2018-07-06 22:52:34','2018-07-06 22:52:34'),(102,1,11,'15',0.1461,'2018-07-06 22:52:34','2018-07-06 22:52:34'),(103,1,11,'15.2',0.0511,'2018-07-06 22:52:34','2018-07-06 22:52:34'),(104,1,11,'16',0.0440,'2018-07-06 22:52:34','2018-07-06 22:52:34'),(105,1,11,'16.2',0.0088,'2018-07-06 22:52:34','2018-07-06 22:52:34'),(106,1,11,'17',0.0035,'2018-07-06 22:52:34','2018-07-06 22:52:34'),(107,1,11,'17.2',0.0018,'2018-07-06 22:52:34','2018-07-06 22:52:34'),(108,1,4,'*',0.0093,'2018-07-06 22:52:34','2018-07-06 22:52:34'),(109,1,4,'13',0.0106,'2018-07-06 22:52:34','2018-07-06 22:52:34'),(110,1,4,'14',0.1285,'2018-07-06 22:52:34','2018-07-06 22:52:34'),(111,1,4,'15',0.1303,'2018-07-06 22:52:34','2018-07-06 22:52:34'),(112,1,4,'16',0.2588,'2018-07-06 22:52:34','2018-07-06 22:52:34'),(113,1,4,'17',0.2500,'2018-07-06 22:52:34','2018-07-06 22:52:34'),(114,1,4,'18',0.1496,'2018-07-06 22:52:34','2018-07-06 22:52:34'),(115,1,4,'19',0.0581,'2018-07-06 22:52:34','2018-07-06 22:52:34'),(116,1,4,'20',0.0141,'2018-07-06 22:52:34','2018-07-06 22:52:34'),(117,1,6,'*',0.0090,'2018-07-06 22:52:34','2018-07-06 22:52:34'),(118,1,6,'6',0.0018,'2018-07-06 22:52:34','2018-07-06 22:52:34'),(119,1,6,'7',0.0018,'2018-07-06 22:52:34','2018-07-06 22:52:34'),(120,1,6,'8',0.4859,'2018-07-06 22:52:34','2018-07-06 22:52:34'),(121,1,6,'9',0.1056,'2018-07-06 22:52:34','2018-07-06 22:52:34'),(122,1,6,'10',0.0915,'2018-07-06 22:52:34','2018-07-06 22:52:34'),(123,1,6,'11',0.2676,'2018-07-06 22:52:34','2018-07-06 22:52:34'),(124,1,6,'12',0.0440,'2018-07-06 22:52:34','2018-07-06 22:52:34'),(125,1,6,'13',0.0018,'2018-07-06 22:52:34','2018-07-06 22:52:34'),(126,1,15,'*',0.0100,'2018-07-06 22:52:34','2018-07-06 22:52:34'),(127,1,15,'10',0.0070,'2018-07-06 22:52:34','2018-07-06 22:52:34'),(128,1,15,'11',0.0088,'2018-07-06 22:52:34','2018-07-06 22:52:34'),(129,1,15,'12',0.1673,'2018-07-06 22:52:34','2018-07-06 22:52:34'),(130,1,15,'13',0.1215,'2018-07-06 22:52:34','2018-07-06 22:52:34'),(131,1,15,'14',0.1637,'2018-07-06 22:52:34','2018-07-06 22:52:34'),(132,1,15,'15',0.1708,'2018-07-06 22:52:34','2018-07-06 22:52:34'),(133,1,15,'16',0.1408,'2018-07-06 22:52:34','2018-07-06 22:52:34'),(134,1,15,'17',0.0968,'2018-07-06 22:52:34','2018-07-06 22:52:34'),(135,1,15,'18',0.0335,'2018-07-06 22:52:34','2018-07-06 22:52:34'),(136,1,15,'19',0.0440,'2018-07-06 22:52:34','2018-07-06 22:52:34'),(137,1,15,'20',0.0264,'2018-07-06 22:52:34','2018-07-06 22:52:34'),(138,1,15,'21',0.0123,'2018-07-06 22:52:34','2018-07-06 22:52:34'),(139,1,15,'22',0.0053,'2018-07-06 22:52:34','2018-07-06 22:52:34'),(140,1,15,'24',0.0018,'2018-07-06 22:52:34','2018-07-06 22:52:34'),(141,1,20,'*',0.0088,'2018-07-06 22:52:34','2018-07-06 22:52:34'),(142,1,20,'8',0.0088,'2018-07-06 22:52:34','2018-07-06 22:52:34'),(143,1,20,'9',0.0211,'2018-07-06 22:52:34','2018-07-06 22:52:34'),(144,1,20,'10',0.0757,'2018-07-06 22:52:34','2018-07-06 22:52:34'),(145,1,20,'11',0.3310,'2018-07-06 22:52:34','2018-07-06 22:52:34'),(146,1,20,'12',0.3768,'2018-07-06 22:52:34','2018-07-06 22:52:34'),(147,1,20,'13',0.1743,'2018-07-06 22:52:34','2018-07-06 22:52:34'),(148,1,20,'14',0.0123,'2018-07-06 22:52:34','2018-07-06 22:52:34'),(149,1,16,'*',0.0100,'2018-07-06 22:52:34','2018-07-06 22:52:34'),(150,1,16,'17',0.0018,'2018-07-06 22:52:34','2018-07-06 22:52:34'),(151,1,16,'18',0.0106,'2018-07-06 22:52:34','2018-07-06 22:52:34'),(152,1,16,'19',0.0951,'2018-07-06 22:52:34','2018-07-06 22:52:34'),(153,1,16,'19.2',0.0018,'2018-07-06 22:52:34','2018-07-06 22:52:34'),(154,1,16,'20',0.1285,'2018-07-06 22:52:34','2018-07-06 22:52:34'),(155,1,16,'21',0.1602,'2018-07-06 22:52:34','2018-07-06 22:52:34'),(156,1,16,'22',0.1918,'2018-07-06 22:52:34','2018-07-06 22:52:34'),(157,1,16,'22.2',0.0053,'2018-07-06 22:52:34','2018-07-06 22:52:34'),(158,1,16,'23',0.1496,'2018-07-06 22:52:34','2018-07-06 22:52:34'),(159,1,16,'23.2',0.0018,'2018-07-06 22:52:34','2018-07-06 22:52:34'),(160,1,16,'24',0.1408,'2018-07-06 22:52:34','2018-07-06 22:52:34'),(161,1,16,'24.2',0.0018,'2018-07-06 22:52:34','2018-07-06 22:52:34'),(162,1,16,'25',0.0827,'2018-07-06 22:52:34','2018-07-06 22:52:34'),(163,1,16,'26',0.0229,'2018-07-06 22:52:34','2018-07-06 22:52:34'),(164,1,16,'26.2',0.0018,'2018-07-06 22:52:34','2018-07-06 22:52:34'),(165,1,16,'27',0.0035,'2018-07-06 22:52:34','2018-07-06 22:52:34'),(166,1,9,'*',0.0092,'2018-07-06 22:52:34','2018-07-06 22:52:34'),(167,1,9,'11',0.0035,'2018-07-06 22:52:34','2018-07-06 22:52:34'),(168,1,9,'12',0.0511,'2018-07-06 22:52:34','2018-07-06 22:52:34'),(169,1,9,'13',0.3080,'2018-07-06 22:52:34','2018-07-06 22:52:34'),(170,1,9,'14',0.2835,'2018-07-06 22:52:34','2018-07-06 22:52:34'),(171,1,9,'15',0.2060,'2018-07-06 22:52:34','2018-07-06 22:52:34'),(172,1,9,'16',0.1250,'2018-07-06 22:52:34','2018-07-06 22:52:34'),(173,1,9,'17',0.0194,'2018-07-06 22:52:34','2018-07-06 22:52:34'),(174,1,9,'18',0.0035,'2018-07-06 22:52:34','2018-07-06 22:52:34'),(175,1,7,'*',0.0102,'2018-07-06 22:52:34','2018-07-06 22:52:34'),(176,1,7,'9',0.0018,'2018-07-06 22:52:34','2018-07-06 22:52:34'),(177,1,7,'10',0.0018,'2018-07-06 22:52:34','2018-07-06 22:52:34'),(178,1,7,'11',0.0563,'2018-07-06 22:52:34','2018-07-06 22:52:34'),(179,1,7,'12',0.1479,'2018-07-06 22:52:35','2018-07-06 22:52:35'),(180,1,7,'13',0.0528,'2018-07-06 22:52:35','2018-07-06 22:52:35'),(181,1,7,'14',0.1109,'2018-07-06 22:52:35','2018-07-06 22:52:35'),(182,1,7,'15',0.1672,'2018-07-06 22:52:35','2018-07-06 22:52:35'),(183,1,7,'15.3',0.0581,'2018-07-06 22:52:35','2018-07-06 22:52:35'),(184,1,7,'16',0.1250,'2018-07-06 22:52:35','2018-07-06 22:52:35'),(185,1,7,'16.3',0.0616,'2018-07-06 22:52:35','2018-07-06 22:52:35'),(186,1,7,'17',0.0405,'2018-07-06 22:52:35','2018-07-06 22:52:35'),(187,1,7,'17.1',0.0018,'2018-07-06 22:52:35','2018-07-06 22:52:35'),(188,1,7,'17.3',0.1056,'2018-07-06 22:52:35','2018-07-06 22:52:35'),(189,1,7,'18',0.0018,'2018-07-06 22:52:35','2018-07-06 22:52:35'),(190,1,7,'18.3',0.0651,'2018-07-06 22:52:35','2018-07-06 22:52:35'),(191,1,7,'19.3',0.0018,'2018-07-06 22:52:35','2018-07-06 22:52:35'),(192,1,10,'*',0.0086,'2018-07-06 22:52:35','2018-07-06 22:52:35'),(193,1,10,'11',0.0951,'2018-07-06 22:52:35','2018-07-06 22:52:35'),(194,1,10,'12',0.0088,'2018-07-06 22:52:35','2018-07-06 22:52:35'),(195,1,10,'13',0.0035,'2018-07-06 22:52:35','2018-07-06 22:52:35'),(196,1,10,'14',0.0299,'2018-07-06 22:52:35','2018-07-06 22:52:35'),(197,1,10,'15',0.4049,'2018-07-06 22:52:35','2018-07-06 22:52:35'),(198,1,10,'16',0.3786,'2018-07-06 22:52:35','2018-07-06 22:52:35'),(199,1,10,'17',0.0757,'2018-07-06 22:52:35','2018-07-06 22:52:35'),(200,1,10,'18',0.0035,'2018-07-06 22:52:35','2018-07-06 22:52:35'),(201,1,14,'*',0.0092,'2018-07-06 22:52:35','2018-07-06 22:52:35'),(202,1,14,'9',0.0018,'2018-07-06 22:52:35','2018-07-06 22:52:35'),(203,1,14,'10',0.1761,'2018-07-06 22:52:35','2018-07-06 22:52:35'),(204,1,14,'11',0.3239,'2018-07-06 22:52:35','2018-07-06 22:52:35'),(205,1,14,'11.3',0.0898,'2018-07-06 22:52:35','2018-07-06 22:52:35'),(206,1,14,'12',0.0211,'2018-07-06 22:52:35','2018-07-06 22:52:35'),(207,1,14,'12.3',0.0018,'2018-07-06 22:52:35','2018-07-06 22:52:35'),(208,1,14,'13',0.0246,'2018-07-06 22:52:35','2018-07-06 22:52:35'),(209,1,14,'14',0.3134,'2018-07-06 22:52:35','2018-07-06 22:52:35'),(210,1,14,'15',0.0440,'2018-07-06 22:52:35','2018-07-06 22:52:35'),(211,1,14,'16',0.0035,'2018-07-06 22:52:35','2018-07-06 22:52:35'),(212,1,22,'*',0.0101,'2018-07-06 22:52:35','2018-07-06 22:52:35'),(213,1,22,'15',0.0511,'2018-07-06 22:52:35','2018-07-06 22:52:35'),(214,1,22,'16',0.0387,'2018-07-06 22:52:35','2018-07-06 22:52:35'),(215,1,22,'17',0.0810,'2018-07-06 22:52:35','2018-07-06 22:52:35'),(216,1,22,'17.3',0.0246,'2018-07-06 22:52:35','2018-07-06 22:52:35'),(217,1,22,'18',0.1865,'2018-07-06 22:52:35','2018-07-06 22:52:35'),(218,1,22,'18.3',0.0335,'2018-07-06 22:52:35','2018-07-06 22:52:35'),(219,1,22,'19',0.1162,'2018-07-06 22:52:35','2018-07-06 22:52:35'),(220,1,22,'19.3',0.0246,'2018-07-06 22:52:35','2018-07-06 22:52:35'),(221,1,22,'20',0.1074,'2018-07-06 22:52:35','2018-07-06 22:52:35'),(222,1,22,'21',0.0951,'2018-07-06 22:52:35','2018-07-06 22:52:35'),(223,1,22,'22',0.0986,'2018-07-06 22:52:35','2018-07-06 22:52:35'),(224,1,22,'23',0.0933,'2018-07-06 22:52:35','2018-07-06 22:52:35'),(225,1,22,'24',0.0282,'2018-07-06 22:52:35','2018-07-06 22:52:35'),(226,1,22,'25',0.0176,'2018-07-06 22:52:35','2018-07-06 22:52:35'),(227,1,22,'26',0.0018,'2018-07-06 22:52:35','2018-07-06 22:52:35'),(228,1,22,'27',0.0018,'2018-07-06 22:52:35','2018-07-06 22:52:35'),(229,1,23,'*',0.0155,'2018-07-06 22:52:35','2018-07-06 22:52:35'),(230,1,23,'2.2',0.0080,'2018-07-06 22:52:35','2018-07-06 22:52:35'),(231,1,23,'7',0.0080,'2018-07-06 22:52:35','2018-07-06 22:52:35'),(232,1,23,'8',0.0160,'2018-07-06 22:52:35','2018-07-06 22:52:35'),(233,1,23,'9',0.2140,'2018-07-06 22:52:35','2018-07-06 22:52:35'),(234,1,23,'10',0.0989,'2018-07-06 22:52:35','2018-07-06 22:52:35'),(235,1,23,'11',0.1524,'2018-07-06 22:52:35','2018-07-06 22:52:35'),(236,1,23,'12',0.1872,'2018-07-06 22:52:35','2018-07-06 22:52:35'),(237,1,23,'13',0.1898,'2018-07-06 22:52:35','2018-07-06 22:52:35'),(238,1,23,'14',0.0856,'2018-07-06 22:52:35','2018-07-06 22:52:35'),(239,1,23,'15',0.0321,'2018-07-06 22:52:35','2018-07-06 22:52:35'),(240,1,23,'16',0.0080,'2018-07-06 22:52:35','2018-07-06 22:52:35'),(241,1,24,'*',0.0163,'2018-07-06 22:52:35','2018-07-06 22:52:35'),(242,1,24,'5',0.0321,'2018-07-06 22:52:35','2018-07-06 22:52:35'),(243,1,24,'7',0.1444,'2018-07-06 22:52:35','2018-07-06 22:52:35'),(244,1,24,'8',0.0134,'2018-07-06 22:52:35','2018-07-06 22:52:35'),(245,1,24,'9',0.0214,'2018-07-06 22:52:35','2018-07-06 22:52:35'),(246,1,24,'10',0.1310,'2018-07-06 22:52:35','2018-07-06 22:52:35'),(247,1,24,'11',0.1283,'2018-07-06 22:52:35','2018-07-06 22:52:35'),(248,1,24,'12',0.1872,'2018-07-06 22:52:35','2018-07-06 22:52:35'),(249,1,24,'13',0.1176,'2018-07-06 22:52:35','2018-07-06 22:52:35'),(250,1,24,'14',0.0348,'2018-07-06 22:52:35','2018-07-06 22:52:35'),(251,1,24,'15',0.0481,'2018-07-06 22:52:35','2018-07-06 22:52:35'),(252,1,24,'16',0.0455,'2018-07-06 22:52:35','2018-07-06 22:52:35'),(253,1,24,'17',0.0481,'2018-07-06 22:52:35','2018-07-06 22:52:35'),(254,1,24,'18',0.0134,'2018-07-06 22:52:35','2018-07-06 22:52:35'),(255,1,24,'19',0.0187,'2018-07-06 22:52:35','2018-07-06 22:52:35'),(256,1,24,'20',0.0080,'2018-07-06 22:52:35','2018-07-06 22:52:35'),(257,1,24,'21',0.0053,'2018-07-06 22:52:35','2018-07-06 22:52:35'),(258,1,24,'22',0.0027,'2018-07-06 22:52:35','2018-07-06 22:52:35'),(259,1,8,'*',0.0110,'2018-07-06 22:52:35','2018-07-06 22:52:35'),(260,1,8,'7.3',0.0018,'2018-07-06 22:52:35','2018-07-06 22:52:35'),(261,1,8,'11',0.0035,'2018-07-06 22:52:35','2018-07-06 22:52:35'),(262,1,8,'11.2',0.0018,'2018-07-06 22:52:35','2018-07-06 22:52:35'),(263,1,8,'12',0.0070,'2018-07-06 22:52:35','2018-07-06 22:52:35'),(264,1,8,'12.1',0.0018,'2018-07-06 22:52:35','2018-07-06 22:52:35'),(265,1,8,'13',0.0035,'2018-07-06 22:52:35','2018-07-06 22:52:35'),(266,1,8,'13.2',0.0035,'2018-07-06 22:52:35','2018-07-06 22:52:35'),(267,1,8,'14',0.0387,'2018-07-06 22:52:35','2018-07-06 22:52:35'),(268,1,8,'14.2',0.0035,'2018-07-06 22:52:35','2018-07-06 22:52:35'),(269,1,8,'15',0.0493,'2018-07-06 22:52:35','2018-07-06 22:52:35'),(270,1,8,'15.2',0.0018,'2018-07-06 22:52:35','2018-07-06 22:52:35'),(271,1,8,'16',0.0529,'2018-07-06 22:52:35','2018-07-06 22:52:35'),(272,1,8,'16.2',0.0018,'2018-07-06 22:52:35','2018-07-06 22:52:35'),(273,1,8,'16.3',0.0035,'2018-07-06 22:52:35','2018-07-06 22:52:35'),(274,1,8,'17',0.1019,'2018-07-06 22:52:35','2018-07-06 22:52:35'),(275,1,8,'17.2',0.0018,'2018-07-06 22:52:35','2018-07-06 22:52:35'),(276,1,8,'17.3',0.0018,'2018-07-06 22:52:35','2018-07-06 22:52:35'),(277,1,8,'18',0.0740,'2018-07-06 22:52:35','2018-07-06 22:52:35'),(278,1,8,'19',0.0511,'2018-07-06 22:52:35','2018-07-06 22:52:35'),(279,1,8,'20',0.0475,'2018-07-06 22:52:35','2018-07-06 22:52:35'),(280,1,8,'20.2',0.0088,'2018-07-06 22:52:35','2018-07-06 22:52:35'),(281,1,8,'21',0.0405,'2018-07-06 22:52:35','2018-07-06 22:52:35'),(282,1,8,'21.2',0.0158,'2018-07-06 22:52:35','2018-07-06 22:52:35'),(283,1,8,'22',0.0123,'2018-07-06 22:52:35','2018-07-06 22:52:35'),(284,1,8,'22.2',0.0317,'2018-07-06 22:52:35','2018-07-06 22:52:35'),(285,1,8,'23',0.0018,'2018-07-06 22:52:35','2018-07-06 22:52:35'),(286,1,8,'23.2',0.0264,'2018-07-06 22:52:35','2018-07-06 22:52:35'),(287,1,8,'24.2',0.0405,'2018-07-06 22:52:35','2018-07-06 22:52:35'),(288,1,8,'25.2',0.0264,'2018-07-06 22:52:35','2018-07-06 22:52:35'),(289,1,8,'26.2',0.0352,'2018-07-06 22:52:35','2018-07-06 22:52:35'),(290,1,8,'27.2',0.0563,'2018-07-06 22:52:35','2018-07-06 22:52:35'),(291,1,8,'28.2',0.0651,'2018-07-06 22:52:35','2018-07-06 22:52:35'),(292,1,8,'29.2',0.0810,'2018-07-06 22:52:35','2018-07-06 22:52:35'),(293,1,8,'30.2',0.0423,'2018-07-06 22:52:35','2018-07-06 22:52:35'),(294,1,8,'31.2',0.0282,'2018-07-06 22:52:35','2018-07-06 22:52:35'),(295,1,8,'32.2',0.0141,'2018-07-06 22:52:35','2018-07-06 22:52:35'),(296,1,8,'33',0.0070,'2018-07-06 22:52:35','2018-07-06 22:52:35'),(297,1,8,'33.2',0.0088,'2018-07-06 22:52:35','2018-07-06 22:52:35'),(298,1,8,'34',0.0018,'2018-07-06 22:52:35','2018-07-06 22:52:35'),(299,1,8,'34.2',0.0035,'2018-07-06 22:52:35','2018-07-06 22:52:35');
/*!40000 ALTER TABLE `frecuencias` ENABLE KEYS */;
UNLOCK TABLES;

--
-- Table structure for table `fuentes`
--

DROP TABLE IF EXISTS `fuentes`;
/*!40101 SET @saved_cs_client     = @@character_set_client */;
/*!40101 SET character_set_client = utf8 */;
CREATE TABLE `fuentes` (
  `id` int(10) unsigned NOT NULL AUTO_INCREMENT,
  `nombre` varchar(255) COLLATE utf8mb4_unicode_ci NOT NULL,
  `id_interno` varchar(255) COLLATE utf8mb4_unicode_ci NOT NULL,
  `id_externo` varchar(255) COLLATE utf8mb4_unicode_ci DEFAULT NULL,
  `contacto_fuente` varchar(255) COLLATE utf8mb4_unicode_ci DEFAULT NULL,
  `correo_fuente` varchar(255) COLLATE utf8mb4_unicode_ci DEFAULT NULL,
  `telefono1_fuente` varchar(255) COLLATE utf8mb4_unicode_ci DEFAULT NULL,
  `telefono2_fuente` varchar(255) COLLATE utf8mb4_unicode_ci DEFAULT NULL,
  `created_at` timestamp NULL DEFAULT NULL,
  `updated_at` timestamp NULL DEFAULT NULL,
  PRIMARY KEY (`id`),
  UNIQUE KEY `fuentes_nombre_unique` (`nombre`),
  UNIQUE KEY `fuentes_id_interno_unique` (`id_interno`)
) ENGINE=InnoDB AUTO_INCREMENT=10 DEFAULT CHARSET=utf8mb4 COLLATE=utf8mb4_unicode_ci;
/*!40101 SET character_set_client = @saved_cs_client */;

--
-- Dumping data for table `fuentes`
--

LOCK TABLES `fuentes` WRITE;
/*!40000 ALTER TABLE `fuentes` DISABLE KEYS */;
INSERT INTO `fuentes` VALUES (1,'POLICIA FEDERAL','PF',NULL,NULL,NULL,NULL,NULL,'2018-07-06 22:50:30','2018-07-06 22:50:30'),(2,'COMISION NACIONAL DE BUSQUEDA','CNS',NULL,NULL,NULL,NULL,NULL,'2018-07-06 22:50:30','2018-07-06 22:50:30'),(3,'PROCURADURIA GENERAL DE LA REPUBLICA','PGR',NULL,NULL,NULL,NULL,NULL,'2018-07-06 22:50:30','2018-07-06 22:50:30'),(4,'FISCALIA GENERAL DEL ESTADO DE VERACRUZ','FGE-VER',NULL,NULL,NULL,NULL,NULL,'2018-07-06 22:50:30','2018-07-06 22:50:30'),(5,'ADN MEXICO','ADNMX',NULL,NULL,NULL,NULL,NULL,'2018-07-06 22:50:30','2018-07-06 22:50:30'),(6,'SAN LUIS POTOSI','SLP',NULL,NULL,NULL,NULL,NULL,'2018-07-06 22:50:30','2018-07-06 22:50:30'),(7,'FISCALIA DE PERSONAS DESAPARECIDAS DE COAHUILA','FPD-COAH',NULL,NULL,NULL,NULL,NULL,'2018-07-06 22:50:30','2018-07-06 22:50:30'),(8,'EXTERNA','XTR',NULL,NULL,NULL,NULL,NULL,'2018-07-06 22:50:30','2018-07-06 22:50:30'),(9,'INTERPOL','INTRPOL',NULL,NULL,NULL,NULL,NULL,'2018-07-06 22:50:30','2018-07-06 22:50:30');
/*!40000 ALTER TABLE `fuentes` ENABLE KEYS */;
UNLOCK TABLES;

--
-- Table structure for table `importacion_frecuencias`
--

DROP TABLE IF EXISTS `importacion_frecuencias`;
/*!40101 SET @saved_cs_client     = @@character_set_client */;
/*!40101 SET character_set_client = utf8 */;
CREATE TABLE `importacion_frecuencias` (
  `id` int(10) unsigned NOT NULL AUTO_INCREMENT,
  `identificador` varchar(255) COLLATE utf8mb4_unicode_ci NOT NULL,
  `nombre` varchar(255) COLLATE utf8mb4_unicode_ci NOT NULL,
  `id_usuario` int(10) unsigned DEFAULT NULL,
  `id_estado` int(10) unsigned DEFAULT NULL,
  `created_at` timestamp NULL DEFAULT NULL,
  `updated_at` timestamp NULL DEFAULT NULL,
  PRIMARY KEY (`id`),
  KEY `importacion_frecuencias_id_usuario_foreign` (`id_usuario`),
  KEY `importacion_frecuencias_id_estado_foreign` (`id_estado`),
  CONSTRAINT `importacion_frecuencias_id_estado_foreign` FOREIGN KEY (`id_estado`) REFERENCES `estados` (`id`) ON DELETE SET NULL,
  CONSTRAINT `importacion_frecuencias_id_usuario_foreign` FOREIGN KEY (`id_usuario`) REFERENCES `users` (`id`) ON DELETE SET NULL
) ENGINE=InnoDB AUTO_INCREMENT=2 DEFAULT CHARSET=utf8mb4 COLLATE=utf8mb4_unicode_ci;
/*!40101 SET character_set_client = @saved_cs_client */;

--
-- Dumping data for table `importacion_frecuencias`
--

LOCK TABLES `importacion_frecuencias` WRITE;
/*!40000 ALTER TABLE `importacion_frecuencias` DISABLE KEYS */;
INSERT INTO `importacion_frecuencias` VALUES (1,'F-33-1','TablaFrecuenciasAlelicas.xlsx',1,33,'2018-07-06 22:52:33','2018-07-06 22:52:33');
/*!40000 ALTER TABLE `importacion_frecuencias` ENABLE KEYS */;
UNLOCK TABLES;

--
-- Table structure for table `importaciones_perfiles`
--

DROP TABLE IF EXISTS `importaciones_perfiles`;
/*!40101 SET @saved_cs_client     = @@character_set_client */;
/*!40101 SET character_set_client = utf8 */;
CREATE TABLE `importaciones_perfiles` (
  `id` int(10) unsigned NOT NULL AUTO_INCREMENT,
  `identificador` varchar(255) COLLATE utf8mb4_unicode_ci NOT NULL,
  `nombre` varchar(255) COLLATE utf8mb4_unicode_ci DEFAULT NULL,
  `id_fuente` int(10) unsigned DEFAULT NULL,
  `id_usuario` int(10) unsigned DEFAULT NULL,
  `numero_de_perfiles` int(11) DEFAULT NULL,
  `numero_de_marcadores` int(11) DEFAULT NULL,
  `tipo_de_muestra` varchar(255) COLLATE utf8mb4_unicode_ci DEFAULT NULL,
  `observaciones` varchar(255) COLLATE utf8mb4_unicode_ci DEFAULT NULL,
  `titulo` varchar(255) COLLATE utf8mb4_unicode_ci DEFAULT NULL,
  `id_estado` int(10) unsigned DEFAULT NULL,
  `created_at` timestamp NULL DEFAULT NULL,
  `updated_at` timestamp NULL DEFAULT NULL,
  PRIMARY KEY (`id`),
  KEY `importaciones_perfiles_id_fuente_foreign` (`id_fuente`),
  KEY `importaciones_perfiles_id_usuario_foreign` (`id_usuario`),
  KEY `importaciones_perfiles_id_estado_foreign` (`id_estado`),
  CONSTRAINT `importaciones_perfiles_id_estado_foreign` FOREIGN KEY (`id_estado`) REFERENCES `estados` (`id`) ON DELETE SET NULL,
  CONSTRAINT `importaciones_perfiles_id_fuente_foreign` FOREIGN KEY (`id_fuente`) REFERENCES `fuentes` (`id`) ON DELETE SET NULL,
  CONSTRAINT `importaciones_perfiles_id_usuario_foreign` FOREIGN KEY (`id_usuario`) REFERENCES `users` (`id`) ON DELETE SET NULL
) ENGINE=InnoDB AUTO_INCREMENT=3 DEFAULT CHARSET=utf8mb4 COLLATE=utf8mb4_unicode_ci;
/*!40101 SET character_set_client = @saved_cs_client */;

--
-- Dumping data for table `importaciones_perfiles`
--

LOCK TABLES `importaciones_perfiles` WRITE;
/*!40000 ALTER TABLE `importaciones_perfiles` DISABLE KEYS */;
INSERT INTO `importaciones_perfiles` VALUES (1,'I-33-1','Importación_excel_Desaparecidos.xlsx',1,1,6,17,'Muestra 1','Observaciones de prueba','Importacion 18-06-2018',33,'2018-07-06 22:53:15','2018-07-06 22:53:18'),(2,'I-33-2','Importación excel_Familiares.xlsx',5,1,7,17,'Muestra 1','Es una prueba de carga de perfil','Importacion 18-06-2018',33,'2018-07-06 22:54:23','2018-07-06 22:54:27');
/*!40000 ALTER TABLE `importaciones_perfiles` ENABLE KEYS */;
UNLOCK TABLES;

--
-- Table structure for table `marcadores`
--

DROP TABLE IF EXISTS `marcadores`;
/*!40101 SET @saved_cs_client     = @@character_set_client */;
/*!40101 SET character_set_client = utf8 */;
CREATE TABLE `marcadores` (
  `id` int(10) unsigned NOT NULL AUTO_INCREMENT,
  `nombre` varchar(255) COLLATE utf8mb4_unicode_ci NOT NULL,
  `id_usuario_registro` int(10) unsigned DEFAULT NULL,
  `id_usuario_edito` int(10) unsigned DEFAULT NULL,
  `id_tipo_de_marcador` int(10) unsigned DEFAULT NULL,
  `created_at` timestamp NULL DEFAULT NULL,
  `updated_at` timestamp NULL DEFAULT NULL,
  PRIMARY KEY (`id`),
  KEY `marcadores_id_usuario_registro_foreign` (`id_usuario_registro`),
  KEY `marcadores_id_usuario_edito_foreign` (`id_usuario_edito`),
  KEY `marcadores_id_tipo_de_marcador_foreign` (`id_tipo_de_marcador`),
  CONSTRAINT `marcadores_id_tipo_de_marcador_foreign` FOREIGN KEY (`id_tipo_de_marcador`) REFERENCES `tipos_de_marcadores` (`id`) ON DELETE SET NULL,
  CONSTRAINT `marcadores_id_usuario_edito_foreign` FOREIGN KEY (`id_usuario_edito`) REFERENCES `users` (`id`) ON DELETE SET NULL,
  CONSTRAINT `marcadores_id_usuario_registro_foreign` FOREIGN KEY (`id_usuario_registro`) REFERENCES `users` (`id`) ON DELETE SET NULL
) ENGINE=InnoDB AUTO_INCREMENT=67 DEFAULT CHARSET=utf8mb4 COLLATE=utf8mb4_unicode_ci;
/*!40101 SET character_set_client = @saved_cs_client */;

--
-- Dumping data for table `marcadores`
--

LOCK TABLES `marcadores` WRITE;
/*!40000 ALTER TABLE `marcadores` DISABLE KEYS */;
INSERT INTO `marcadores` VALUES (1,'amel',1,1,1,'2018-07-06 22:50:30','2018-07-06 22:50:30'),(2,'th01',1,1,1,'2018-07-06 22:50:30','2018-07-06 22:50:30'),(3,'d3s1358',1,1,1,'2018-07-06 22:50:30','2018-07-06 22:50:30'),(4,'vwa',1,1,1,'2018-07-06 22:50:30','2018-07-06 22:50:30'),(5,'d21s11',1,1,1,'2018-07-06 22:50:30','2018-07-06 22:50:30'),(6,'tpox',1,1,1,'2018-07-06 22:50:30','2018-07-06 22:50:30'),(7,'d1s1656',1,1,1,'2018-07-06 22:50:30','2018-07-06 22:50:30'),(8,'se33',1,1,1,'2018-07-06 22:50:30','2018-07-06 22:50:30'),(9,'d10s1248',1,1,1,'2018-07-06 22:50:30','2018-07-06 22:50:30'),(10,'d22s1045',1,1,1,'2018-07-06 22:50:30','2018-07-06 22:50:30'),(11,'d19s433',1,1,1,'2018-07-06 22:50:30','2018-07-06 22:50:30'),(12,'d8s1179',1,1,1,'2018-07-06 22:50:30','2018-07-06 22:50:30'),(13,'d2s1338',1,1,1,'2018-07-06 22:50:30','2018-07-06 22:50:30'),(14,'d2s441',1,1,1,'2018-07-06 22:50:30','2018-07-06 22:50:30'),(15,'d18s51',1,1,1,'2018-07-06 22:50:30','2018-07-06 22:50:30'),(16,'fga',1,1,1,'2018-07-06 22:50:30','2018-07-06 22:50:30'),(17,'d16s539',1,1,1,'2018-07-06 22:50:30','2018-07-06 22:50:30'),(18,'csf1po',1,1,1,'2018-07-06 22:50:30','2018-07-06 22:50:30'),(19,'d13s317',1,1,1,'2018-07-06 22:50:30','2018-07-06 22:50:30'),(20,'d5s818',1,1,1,'2018-07-06 22:50:30','2018-07-06 22:50:30'),(21,'d7s820',1,1,1,'2018-07-06 22:50:30','2018-07-06 22:50:30'),(22,'d12s391',1,1,1,'2018-07-06 22:50:30','2018-07-06 22:50:30'),(23,'pentad',1,1,1,'2018-07-06 22:50:30','2018-07-06 22:50:30'),(24,'pentae',1,1,1,'2018-07-06 22:50:30','2018-07-06 22:50:30'),(25,'yindel',1,1,1,'2018-07-06 22:50:30','2018-07-06 22:50:30'),(26,'d6s1043',1,1,1,'2018-07-06 22:50:30','2018-07-06 22:50:30'),(27,'d22s645',1,1,1,'2018-07-06 22:50:30','2018-07-06 22:50:30'),(28,'dys456',1,1,2,'2018-07-06 22:50:30','2018-07-06 22:50:30'),(29,'dys389i',1,1,2,'2018-07-06 22:50:30','2018-07-06 22:50:30'),(30,'dys390',1,1,2,'2018-07-06 22:50:30','2018-07-06 22:50:30'),(31,'dys389ii',1,1,2,'2018-07-06 22:50:30','2018-07-06 22:50:30'),(32,'dys458',1,1,2,'2018-07-06 22:50:30','2018-07-06 22:50:30'),(33,'dys19',1,1,2,'2018-07-06 22:50:30','2018-07-06 22:50:30'),(34,'dys385',1,1,1,'2018-07-06 22:50:30','2018-07-06 22:50:30'),(35,'dys393',1,1,2,'2018-07-06 22:50:30','2018-07-06 22:50:30'),(36,'dys439',1,1,2,'2018-07-06 22:50:30','2018-07-06 22:50:30'),(37,'dys635',1,1,2,'2018-07-06 22:50:30','2018-07-06 22:50:30'),(38,'dys392',1,1,2,'2018-07-06 22:50:30','2018-07-06 22:50:30'),(39,'ygatah4',1,1,2,'2018-07-06 22:50:30','2018-07-06 22:50:30'),(40,'dys437',1,1,2,'2018-07-06 22:50:30','2018-07-06 22:50:30'),(41,'dys438',1,1,2,'2018-07-06 22:50:30','2018-07-06 22:50:30'),(42,'dys448',1,1,2,'2018-07-06 22:50:30','2018-07-06 22:50:30'),(43,'dys481',1,1,2,'2018-07-06 22:50:30','2018-07-06 22:50:30'),(44,'dys533',1,1,2,'2018-07-06 22:50:30','2018-07-06 22:50:30'),(45,'dys549',1,1,2,'2018-07-06 22:50:30','2018-07-06 22:50:30'),(46,'dys570',1,1,2,'2018-07-06 22:50:30','2018-07-06 22:50:30'),(47,'dys576',1,1,2,'2018-07-06 22:50:30','2018-07-06 22:50:30'),(48,'dys643',1,1,2,'2018-07-06 22:50:30','2018-07-06 22:50:30'),(49,'dys391',1,1,2,'2018-07-06 22:50:30','2018-07-06 22:50:30'),(50,'dys387s1',1,1,2,'2018-07-06 22:50:30','2018-07-06 22:50:30'),(51,'dys449',1,1,2,'2018-07-06 22:50:30','2018-07-06 22:50:30'),(52,'dys460',1,1,2,'2018-07-06 22:50:30','2018-07-06 22:50:30'),(53,'dys518',1,1,2,'2018-07-06 22:50:30','2018-07-06 22:50:30'),(54,'dys627',1,1,2,'2018-07-06 22:50:30','2018-07-06 22:50:30'),(55,'dxs7132',1,1,3,'2018-07-06 22:50:30','2018-07-06 22:50:30'),(56,'dxs7423',1,1,3,'2018-07-06 22:50:30','2018-07-06 22:50:30'),(57,'dxs8378',1,1,3,'2018-07-06 22:50:30','2018-07-06 22:50:30'),(58,'dxs10074',1,1,3,'2018-07-06 22:50:30','2018-07-06 22:50:30'),(59,'dxs10079',1,1,3,'2018-07-06 22:50:30','2018-07-06 22:50:30'),(60,'dxs10101',1,1,3,'2018-07-06 22:50:30','2018-07-06 22:50:30'),(61,'dxs10103',1,1,3,'2018-07-06 22:50:30','2018-07-06 22:50:30'),(62,'dxs10134',1,1,3,'2018-07-06 22:50:30','2018-07-06 22:50:30'),(63,'dxs10135',1,1,3,'2018-07-06 22:50:30','2018-07-06 22:50:30'),(64,'dxs10146',1,1,3,'2018-07-06 22:50:30','2018-07-06 22:50:30'),(65,'dxs10148',1,1,3,'2018-07-06 22:50:30','2018-07-06 22:50:30'),(66,'hprtb',1,1,3,'2018-07-06 22:50:30','2018-07-06 22:50:30');
/*!40000 ALTER TABLE `marcadores` ENABLE KEYS */;
UNLOCK TABLES;

--
-- Table structure for table `metadatos`
--

DROP TABLE IF EXISTS `metadatos`;
/*!40101 SET @saved_cs_client     = @@character_set_client */;
/*!40101 SET character_set_client = utf8 */;
CREATE TABLE `metadatos` (
  `id` int(10) unsigned NOT NULL AUTO_INCREMENT,
  `id_perfil_genetico` int(10) unsigned NOT NULL,
  `id_tipo_de_metadato` int(10) unsigned NOT NULL,
  `dato` varchar(255) COLLATE utf8mb4_unicode_ci NOT NULL,
  `created_at` timestamp NULL DEFAULT NULL,
  `updated_at` timestamp NULL DEFAULT NULL,
  PRIMARY KEY (`id`),
  KEY `metadatos_id_perfil_genetico_foreign` (`id_perfil_genetico`),
  KEY `metadatos_id_tipo_de_metadato_foreign` (`id_tipo_de_metadato`),
  CONSTRAINT `metadatos_id_perfil_genetico_foreign` FOREIGN KEY (`id_perfil_genetico`) REFERENCES `perfiles_geneticos` (`id`) ON DELETE CASCADE,
  CONSTRAINT `metadatos_id_tipo_de_metadato_foreign` FOREIGN KEY (`id_tipo_de_metadato`) REFERENCES `tipos_de_metadatos` (`id`) ON DELETE CASCADE
) ENGINE=InnoDB AUTO_INCREMENT=63 DEFAULT CHARSET=utf8mb4 COLLATE=utf8mb4_unicode_ci;
/*!40101 SET character_set_client = @saved_cs_client */;

--
-- Dumping data for table `metadatos`
--

LOCK TABLES `metadatos` WRITE;
/*!40000 ALTER TABLE `metadatos` DISABLE KEYS */;
INSERT INTO `metadatos` VALUES (1,1,1,'NN1','2018-07-06 22:53:15','2018-07-06 22:53:15'),(2,2,1,'NN2','2018-07-06 22:53:16','2018-07-06 22:53:16'),(3,3,1,'NN3','2018-07-06 22:53:16','2018-07-06 22:53:16'),(4,4,1,'NN4','2018-07-06 22:53:17','2018-07-06 22:53:17'),(5,5,1,'NN5','2018-07-06 22:53:17','2018-07-06 22:53:17'),(6,6,1,'NN6','2018-07-06 22:53:17','2018-07-06 22:53:17'),(7,7,2,'Miguel Hidalgo','2018-07-06 22:54:23','2018-07-06 22:54:23'),(8,7,3,'Abraham Tovar Guerrero','2018-07-06 22:54:23','2018-07-06 22:54:23'),(9,7,4,'Padre','2018-07-06 22:54:23','2018-07-06 22:54:23'),(10,7,1,'Muestra de prueba','2018-07-06 22:54:23','2018-07-06 22:54:23'),(11,7,5,'Esto es una prueba','2018-07-06 22:54:23','2018-07-06 22:54:23'),(12,7,6,'1','2018-07-06 22:54:23','2018-07-06 22:54:23'),(13,7,7,'Sin dato','2018-07-06 22:54:23','2018-07-06 22:54:23'),(14,7,8,'Lunar','2018-07-06 22:54:23','2018-07-06 22:54:23'),(15,8,2,'Benito Juárez','2018-07-06 22:54:24','2018-07-06 22:54:24'),(16,8,3,'Ricardo Ramirez Baez','2018-07-06 22:54:24','2018-07-06 22:54:24'),(17,8,4,'Hijo','2018-07-06 22:54:24','2018-07-06 22:54:24'),(18,8,1,'Muestra de prueba 2','2018-07-06 22:54:24','2018-07-06 22:54:24'),(19,8,5,'Esto es una prueba 2','2018-07-06 22:54:24','2018-07-06 22:54:24'),(20,8,6,'2','2018-07-06 22:54:24','2018-07-06 22:54:24'),(21,8,7,'Sin dato','2018-07-06 22:54:24','2018-07-06 22:54:24'),(22,8,8,'Pecas en cara','2018-07-06 22:54:24','2018-07-06 22:54:24'),(23,9,2,'Josefa Ortiz','2018-07-06 22:54:24','2018-07-06 22:54:24'),(24,9,3,'Juan Antonio Ayala','2018-07-06 22:54:24','2018-07-06 22:54:24'),(25,9,4,'Madre','2018-07-06 22:54:24','2018-07-06 22:54:24'),(26,9,1,'Muestra de prueba 3','2018-07-06 22:54:24','2018-07-06 22:54:24'),(27,9,5,'Esto es una prueba 3','2018-07-06 22:54:24','2018-07-06 22:54:24'),(28,9,6,'2','2018-07-06 22:54:24','2018-07-06 22:54:24'),(29,9,7,'Sin dato','2018-07-06 22:54:24','2018-07-06 22:54:24'),(30,9,8,'Manco','2018-07-06 22:54:24','2018-07-06 22:54:24'),(31,10,2,'Miguel Alemán','2018-07-06 22:54:24','2018-07-06 22:54:24'),(32,10,3,'Lucia Sanchez Perez','2018-07-06 22:54:25','2018-07-06 22:54:25'),(33,10,4,'Hermana','2018-07-06 22:54:25','2018-07-06 22:54:25'),(34,10,1,'Muestra de prueba 4','2018-07-06 22:54:25','2018-07-06 22:54:25'),(35,10,5,'Muestra de prueba 4','2018-07-06 22:54:25','2018-07-06 22:54:25'),(36,10,6,'4','2018-07-06 22:54:25','2018-07-06 22:54:25'),(37,10,7,'Sin dato','2018-07-06 22:54:25','2018-07-06 22:54:25'),(38,10,8,'Tuerto','2018-07-06 22:54:25','2018-07-06 22:54:25'),(39,11,2,'Juan Escutia','2018-07-06 22:54:25','2018-07-06 22:54:25'),(40,11,3,'Lucile Rodriguez P.','2018-07-06 22:54:25','2018-07-06 22:54:25'),(41,11,4,'Hija','2018-07-06 22:54:25','2018-07-06 22:54:25'),(42,11,1,'Muestra de prueba 5','2018-07-06 22:54:25','2018-07-06 22:54:25'),(43,11,5,'Muestra de prueba 5','2018-07-06 22:54:25','2018-07-06 22:54:25'),(44,11,6,'5','2018-07-06 22:54:25','2018-07-06 22:54:25'),(45,11,7,'Sin dato','2018-07-06 22:54:25','2018-07-06 22:54:25'),(46,11,8,'Tuerto','2018-07-06 22:54:25','2018-07-06 22:54:25'),(47,12,2,'Pedro Pérez','2018-07-06 22:54:25','2018-07-06 22:54:25'),(48,12,3,'Mariana Heggens','2018-07-06 22:54:25','2018-07-06 22:54:25'),(49,12,4,'Hermana','2018-07-06 22:54:25','2018-07-06 22:54:25'),(50,12,1,'Muestra de prueba 6','2018-07-06 22:54:25','2018-07-06 22:54:25'),(51,12,5,'Muestra de prueba 6','2018-07-06 22:54:25','2018-07-06 22:54:25'),(52,12,6,'7','2018-07-06 22:54:25','2018-07-06 22:54:25'),(53,12,7,'Sin dato','2018-07-06 22:54:25','2018-07-06 22:54:25'),(54,12,8,'Tuerto','2018-07-06 22:54:25','2018-07-06 22:54:25'),(55,13,2,'Juanito','2018-07-06 22:54:26','2018-07-06 22:54:26'),(56,13,3,'David','2018-07-06 22:54:26','2018-07-06 22:54:26'),(57,13,4,'Nieto','2018-07-06 22:54:26','2018-07-06 22:54:26'),(58,13,1,'Muestra de prueba 9','2018-07-06 22:54:26','2018-07-06 22:54:26'),(59,13,5,'Muestra de prueba 9','2018-07-06 22:54:26','2018-07-06 22:54:26'),(60,13,6,'0','2018-07-06 22:54:26','2018-07-06 22:54:26'),(61,13,7,'Sin dato','2018-07-06 22:54:26','2018-07-06 22:54:26'),(62,13,8,'Cojo','2018-07-06 22:54:26','2018-07-06 22:54:26');
/*!40000 ALTER TABLE `metadatos` ENABLE KEYS */;
UNLOCK TABLES;

--
-- Table structure for table `migrations`
--

DROP TABLE IF EXISTS `migrations`;
/*!40101 SET @saved_cs_client     = @@character_set_client */;
/*!40101 SET character_set_client = utf8 */;
CREATE TABLE `migrations` (
  `id` int(10) unsigned NOT NULL AUTO_INCREMENT,
  `migration` varchar(255) COLLATE utf8mb4_unicode_ci NOT NULL,
  `batch` int(11) NOT NULL,
  PRIMARY KEY (`id`)
) ENGINE=InnoDB AUTO_INCREMENT=183 DEFAULT CHARSET=utf8mb4 COLLATE=utf8mb4_unicode_ci;
/*!40101 SET character_set_client = @saved_cs_client */;

--
-- Dumping data for table `migrations`
--

LOCK TABLES `migrations` WRITE;
/*!40000 ALTER TABLE `migrations` DISABLE KEYS */;
INSERT INTO `migrations` VALUES (157,'2014_10_11_062631_create_estados_table',1),(158,'2014_10_12_000000_create_users_table',1),(159,'2014_10_12_100000_create_password_resets_table',1),(160,'2015_01_20_084450_create_roles_table',1),(161,'2015_01_20_084525_create_role_user_table',1),(162,'2015_01_24_080208_create_permissions_table',1),(163,'2015_01_24_080433_create_permission_role_table',1),(164,'2015_12_04_003040_add_special_role_column',1),(165,'2017_10_17_170735_create_permission_user_table',1),(166,'2018_06_05_173228_create_categorias_table',1),(167,'2018_06_07_094015_create_etiquetas_table',1),(168,'2018_06_08_020300_create_fuentes_table',1),(169,'2018_06_15_001235_create_importacion_frecuencias_table',1),(170,'2018_06_16_190253_create_tipos_de_marcadores_table',1),(171,'2018_06_18_141232_create_marcadores_table',1),(172,'2018_06_18_143123_create_frecuencias_table',1),(173,'2018_06_18_212636_create_importaciones_perfiles_table',1),(174,'2018_06_18_221249_create_perfiles_geneticos_table',1),(175,'2018_06_18_234301_create_etiquetas_asignadas_table',1),(176,'2018_06_19_140128_create_tipos_de_metadatos_table',1),(177,'2018_06_19_140149_create_metadatos_table',1),(178,'2018_06_19_140240_create_alelos_table',1),(179,'2018_06_19_150043_create_tipos_de_busquedas_table',1),(180,'2018_06_19_150100_create_estatus_busquedas_table',1),(181,'2018_06_30_030357_create_busquedas_table',1),(182,'2018_07_06_150505_create_busquedas_resultados_table',1);
/*!40000 ALTER TABLE `migrations` ENABLE KEYS */;
UNLOCK TABLES;

--
-- Table structure for table `password_resets`
--

DROP TABLE IF EXISTS `password_resets`;
/*!40101 SET @saved_cs_client     = @@character_set_client */;
/*!40101 SET character_set_client = utf8 */;
CREATE TABLE `password_resets` (
  `email` varchar(255) COLLATE utf8mb4_unicode_ci NOT NULL,
  `token` varchar(255) COLLATE utf8mb4_unicode_ci NOT NULL,
  `created_at` timestamp NULL DEFAULT NULL,
  KEY `password_resets_email_index` (`email`)
) ENGINE=InnoDB DEFAULT CHARSET=utf8mb4 COLLATE=utf8mb4_unicode_ci;
/*!40101 SET character_set_client = @saved_cs_client */;

--
-- Dumping data for table `password_resets`
--

LOCK TABLES `password_resets` WRITE;
/*!40000 ALTER TABLE `password_resets` DISABLE KEYS */;
/*!40000 ALTER TABLE `password_resets` ENABLE KEYS */;
UNLOCK TABLES;

--
-- Table structure for table `perfiles_geneticos`
--

DROP TABLE IF EXISTS `perfiles_geneticos`;
/*!40101 SET @saved_cs_client     = @@character_set_client */;
/*!40101 SET character_set_client = utf8 */;
CREATE TABLE `perfiles_geneticos` (
  `id` int(10) unsigned NOT NULL AUTO_INCREMENT,
  `identificador` varchar(255) COLLATE utf8mb4_unicode_ci NOT NULL,
  `id_importacion` int(10) unsigned DEFAULT NULL,
  `id_usuario` int(10) unsigned DEFAULT NULL,
  `id_externo` varchar(255) COLLATE utf8mb4_unicode_ci DEFAULT NULL,
  `id_fuente` int(10) unsigned DEFAULT NULL,
  `numero_de_marcadores` int(11) NOT NULL DEFAULT '0',
  `numero_de_homocigotos` int(11) NOT NULL DEFAULT '0',
  `requiere_revision` tinyint(1) NOT NULL DEFAULT '0',
  `id_usuario_reviso` int(10) unsigned DEFAULT NULL,
  `es_perfil_repetido` tinyint(1) NOT NULL DEFAULT '0',
  `id_perfil_original` int(10) unsigned DEFAULT NULL,
  `id_estado_perfil_original` int(10) unsigned DEFAULT NULL,
  `id_estado` int(10) unsigned DEFAULT NULL,
  `desestimado` tinyint(1) NOT NULL DEFAULT '0',
  `created_at` timestamp NULL DEFAULT NULL,
  `updated_at` timestamp NULL DEFAULT NULL,
  PRIMARY KEY (`id`),
  KEY `perfiles_geneticos_id_importacion_foreign` (`id_importacion`),
  KEY `perfiles_geneticos_id_usuario_foreign` (`id_usuario`),
  KEY `perfiles_geneticos_id_fuente_foreign` (`id_fuente`),
  KEY `perfiles_geneticos_id_estado_foreign` (`id_estado`),
  KEY `perfiles_geneticos_id_perfil_original_foreign` (`id_perfil_original`),
  KEY `perfiles_geneticos_id_usuario_reviso_foreign` (`id_usuario_reviso`),
  KEY `perfiles_geneticos_id_estado_perfil_original_foreign` (`id_estado_perfil_original`),
  CONSTRAINT `perfiles_geneticos_id_estado_foreign` FOREIGN KEY (`id_estado`) REFERENCES `estados` (`id`) ON DELETE SET NULL,
  CONSTRAINT `perfiles_geneticos_id_estado_perfil_original_foreign` FOREIGN KEY (`id_estado_perfil_original`) REFERENCES `estados` (`id`) ON DELETE SET NULL,
  CONSTRAINT `perfiles_geneticos_id_fuente_foreign` FOREIGN KEY (`id_fuente`) REFERENCES `fuentes` (`id`) ON DELETE SET NULL,
  CONSTRAINT `perfiles_geneticos_id_importacion_foreign` FOREIGN KEY (`id_importacion`) REFERENCES `importaciones_perfiles` (`id`) ON DELETE CASCADE,
  CONSTRAINT `perfiles_geneticos_id_perfil_original_foreign` FOREIGN KEY (`id_perfil_original`) REFERENCES `perfiles_geneticos` (`id`) ON DELETE SET NULL,
  CONSTRAINT `perfiles_geneticos_id_usuario_foreign` FOREIGN KEY (`id_usuario`) REFERENCES `users` (`id`) ON DELETE SET NULL,
  CONSTRAINT `perfiles_geneticos_id_usuario_reviso_foreign` FOREIGN KEY (`id_usuario_reviso`) REFERENCES `users` (`id`) ON DELETE SET NULL
) ENGINE=InnoDB AUTO_INCREMENT=14 DEFAULT CHARSET=utf8mb4 COLLATE=utf8mb4_unicode_ci;
/*!40101 SET character_set_client = @saved_cs_client */;

--
-- Dumping data for table `perfiles_geneticos`
--

LOCK TABLES `perfiles_geneticos` WRITE;
/*!40000 ALTER TABLE `perfiles_geneticos` DISABLE KEYS */;
INSERT INTO `perfiles_geneticos` VALUES (1,'G-33-1',1,1,'256',1,16,4,0,NULL,0,NULL,NULL,33,0,'2018-07-06 22:53:15','2018-07-06 22:53:16'),(2,'G-33-2',1,1,'854',1,17,8,1,NULL,0,NULL,NULL,33,0,'2018-07-06 22:53:16','2018-07-06 22:53:16'),(3,'G-33-3',1,1,'123',1,15,5,0,NULL,0,NULL,NULL,33,0,'2018-07-06 22:53:16','2018-07-06 22:53:16'),(4,'G-33-4',1,1,'15469JY',1,14,7,1,NULL,0,NULL,NULL,33,0,'2018-07-06 22:53:16','2018-07-06 22:53:17'),(5,'G-33-5',1,1,'ASB4575',1,15,7,1,NULL,0,NULL,NULL,33,0,'2018-07-06 22:53:17','2018-07-06 22:53:17'),(6,'G-33-6',1,1,'SIUJ85',1,15,5,0,NULL,0,NULL,NULL,33,0,'2018-07-06 22:53:17','2018-07-06 22:53:18'),(7,'G-33-7',2,1,'2877',5,16,4,0,NULL,0,NULL,NULL,33,0,'2018-07-06 22:54:23','2018-07-06 22:54:24'),(8,'G-33-8',2,1,'2770',5,17,8,1,NULL,0,NULL,NULL,33,0,'2018-07-06 22:54:24','2018-07-06 22:54:24'),(9,'G-33-9',2,1,'1389',5,15,5,0,NULL,0,NULL,NULL,33,0,'2018-07-06 22:54:24','2018-07-06 22:54:24'),(10,'G-33-10',2,1,'1833',5,14,7,1,NULL,0,NULL,NULL,33,0,'2018-07-06 22:54:24','2018-07-06 22:54:25'),(11,'G-33-11',2,1,'34',5,15,7,1,NULL,0,NULL,NULL,33,0,'2018-07-06 22:54:25','2018-07-06 22:54:25'),(12,'G-33-12',2,1,'391',5,15,5,0,NULL,0,NULL,NULL,33,0,'2018-07-06 22:54:25','2018-07-06 22:54:26'),(13,'G-33-13',2,1,'396',5,15,5,0,NULL,0,NULL,NULL,33,0,'2018-07-06 22:54:26','2018-07-06 22:54:26');
/*!40000 ALTER TABLE `perfiles_geneticos` ENABLE KEYS */;
UNLOCK TABLES;

--
-- Table structure for table `permission_role`
--

DROP TABLE IF EXISTS `permission_role`;
/*!40101 SET @saved_cs_client     = @@character_set_client */;
/*!40101 SET character_set_client = utf8 */;
CREATE TABLE `permission_role` (
  `id` int(10) unsigned NOT NULL AUTO_INCREMENT,
  `permission_id` int(10) unsigned NOT NULL,
  `role_id` int(10) unsigned NOT NULL,
  `created_at` timestamp NULL DEFAULT NULL,
  `updated_at` timestamp NULL DEFAULT NULL,
  PRIMARY KEY (`id`),
  KEY `permission_role_permission_id_index` (`permission_id`),
  KEY `permission_role_role_id_index` (`role_id`),
  CONSTRAINT `permission_role_permission_id_foreign` FOREIGN KEY (`permission_id`) REFERENCES `permissions` (`id`) ON DELETE CASCADE,
  CONSTRAINT `permission_role_role_id_foreign` FOREIGN KEY (`role_id`) REFERENCES `roles` (`id`) ON DELETE CASCADE
) ENGINE=InnoDB DEFAULT CHARSET=utf8mb4 COLLATE=utf8mb4_unicode_ci;
/*!40101 SET character_set_client = @saved_cs_client */;

--
-- Dumping data for table `permission_role`
--

LOCK TABLES `permission_role` WRITE;
/*!40000 ALTER TABLE `permission_role` DISABLE KEYS */;
/*!40000 ALTER TABLE `permission_role` ENABLE KEYS */;
UNLOCK TABLES;

--
-- Table structure for table `permission_user`
--

DROP TABLE IF EXISTS `permission_user`;
/*!40101 SET @saved_cs_client     = @@character_set_client */;
/*!40101 SET character_set_client = utf8 */;
CREATE TABLE `permission_user` (
  `id` int(10) unsigned NOT NULL AUTO_INCREMENT,
  `permission_id` int(10) unsigned NOT NULL,
  `user_id` int(10) unsigned NOT NULL,
  `created_at` timestamp NULL DEFAULT NULL,
  `updated_at` timestamp NULL DEFAULT NULL,
  PRIMARY KEY (`id`),
  KEY `permission_user_permission_id_index` (`permission_id`),
  KEY `permission_user_user_id_index` (`user_id`),
  CONSTRAINT `permission_user_permission_id_foreign` FOREIGN KEY (`permission_id`) REFERENCES `permissions` (`id`) ON DELETE CASCADE,
  CONSTRAINT `permission_user_user_id_foreign` FOREIGN KEY (`user_id`) REFERENCES `users` (`id`) ON DELETE CASCADE
) ENGINE=InnoDB DEFAULT CHARSET=utf8mb4 COLLATE=utf8mb4_unicode_ci;
/*!40101 SET character_set_client = @saved_cs_client */;

--
-- Dumping data for table `permission_user`
--

LOCK TABLES `permission_user` WRITE;
/*!40000 ALTER TABLE `permission_user` DISABLE KEYS */;
/*!40000 ALTER TABLE `permission_user` ENABLE KEYS */;
UNLOCK TABLES;

--
-- Table structure for table `permissions`
--

DROP TABLE IF EXISTS `permissions`;
/*!40101 SET @saved_cs_client     = @@character_set_client */;
/*!40101 SET character_set_client = utf8 */;
CREATE TABLE `permissions` (
  `id` int(10) unsigned NOT NULL AUTO_INCREMENT,
  `name` varchar(255) COLLATE utf8mb4_unicode_ci NOT NULL,
  `slug` varchar(255) COLLATE utf8mb4_unicode_ci NOT NULL,
  `description` text COLLATE utf8mb4_unicode_ci,
  `created_at` timestamp NULL DEFAULT NULL,
  `updated_at` timestamp NULL DEFAULT NULL,
  PRIMARY KEY (`id`),
  UNIQUE KEY `permissions_slug_unique` (`slug`)
) ENGINE=InnoDB AUTO_INCREMENT=44 DEFAULT CHARSET=utf8mb4 COLLATE=utf8mb4_unicode_ci;
/*!40101 SET character_set_client = @saved_cs_client */;

--
-- Dumping data for table `permissions`
--

LOCK TABLES `permissions` WRITE;
/*!40000 ALTER TABLE `permissions` DISABLE KEYS */;
INSERT INTO `permissions` VALUES (1,'Navegar usuarios','users.index','Lista y navega todos los usuarios del sistema','2018-07-06 22:50:24','2018-07-06 22:50:24'),(2,'Ver detalle de un usuario','users.show','Ver en detalle cada usuario del sistema','2018-07-06 22:50:24','2018-07-06 22:50:24'),(3,'Edicion de usuarios','users.edit','Editar el rol de los usuarios del sistema','2018-07-06 22:50:24','2018-07-06 22:50:24'),(4,'Eliminar usuarios','users.destroy','Eliminar un usuario del sistema','2018-07-06 22:50:24','2018-07-06 22:50:24'),(5,'Navegar roles','roles.index','Lista y navega todos los roles del sistema','2018-07-06 22:50:24','2018-07-06 22:50:24'),(6,'Ver detalle de un rol','roles.show','Ver en detalle cada rol del sistema','2018-07-06 22:50:24','2018-07-06 22:50:24'),(7,'Creacion de roles','roles.create','Crear roles en el sistema','2018-07-06 22:50:24','2018-07-06 22:50:24'),(8,'Edicion de roles','roles.edit','Editar cualquier dato de un rol del sistema','2018-07-06 22:50:24','2018-07-06 22:50:24'),(9,'Eliminar roles','roles.destroy','Eliminar un rol del sistema','2018-07-06 22:50:24','2018-07-06 22:50:24'),(10,'Navegar categorias','categorias.index','Lista y navega todas los categorias del sistema','2018-07-06 22:50:24','2018-07-06 22:50:24'),(11,'Ver detalle de una categoria','categorias.show','Ver en detalle cada categoria del sistema','2018-07-06 22:50:24','2018-07-06 22:50:24'),(12,'Creacion de categorias','categorias.store','Crear categorias en el sistema','2018-07-06 22:50:24','2018-07-06 22:50:24'),(13,'Edicion de categorias','categorias.edit','Editar cualquier dato de una categoria del sistema','2018-07-06 22:50:24','2018-07-06 22:50:24'),(14,'Eliminar categorias','categorias.destroy','Eliminar una categoria del sistema','2018-07-06 22:50:24','2018-07-06 22:50:24'),(15,'Navegar Etiquetas','etiquetas.index','Lista y navega todas las etiquetas del sistema','2018-07-06 22:50:24','2018-07-06 22:50:24'),(16,'Creacion de etiquetas','etiquetas.store','Crear etiquetas en el sistema','2018-07-06 22:50:24','2018-07-06 22:50:24'),(17,'Edicion de etiquetas','etiquetas.edit','Editar cualquier dato de una etiqueta del sistema','2018-07-06 22:50:24','2018-07-06 22:50:24'),(18,'Eliminar etiquetas','etiquetas.destroy','Eliminar una etiqueta del sistema','2018-07-06 22:50:24','2018-07-06 22:50:24'),(19,'Navegar fuentes','fuentes.index','Lista y navega todas las fuentes del sistema','2018-07-06 22:50:24','2018-07-06 22:50:24'),(20,'Creacion de fuentes','fuentes.create','Crear fuentes en el sistema','2018-07-06 22:50:24','2018-07-06 22:50:24'),(21,'Edicion de fuentes','fuentes.edit','Editar cualquier dato de una fuente del sistema','2018-07-06 22:50:24','2018-07-06 22:50:24'),(22,'Eliminar fuentes','fuentes.destroy','Eliminar una fuente del sistema','2018-07-06 22:50:24','2018-07-06 22:50:24'),(23,'Navegar importaciones de frecuencias','importaciones_frecuencias.index','Lista y navega todas las importaciones de frecuencias del sistema','2018-07-06 22:50:24','2018-07-06 22:50:24'),(24,'Creacion de importaciones de frecuencias','importaciones_frecuencias.create','Crear importaciones de frecuencias en el sistema','2018-07-06 22:50:24','2018-07-06 22:50:24'),(25,'Eliminar importaciones de frecuencias','importaciones_frecuencias.destroy','Eliminar una importacion de frecuencias del sistema','2018-07-06 22:50:24','2018-07-06 22:50:24'),(26,'Ver detalle de una importacion de frecuencias','importaciones_frecuencias.show','Ver el listado de frecuencias de uan importacion','2018-07-06 22:50:24','2018-07-06 22:50:24'),(27,'Edicion de importaciones de frecuencias','frecuencias.edit','Editar cualquier dato de una importacion de frecuencias del sistema','2018-07-06 22:50:24','2018-07-06 22:50:24'),(28,'Eliminar importaciones de frecuencias','frecuencias.destroy','Eliminar una importacion de frecuencias del sistema','2018-07-06 22:50:24','2018-07-06 22:50:24'),(29,'Navegar marcadores','marcadores.index','Lista y navega todos los marcadores del sistema','2018-07-06 22:50:24','2018-07-06 22:50:24'),(30,'Creacion de marcadores','marcadores.store','Crear marcadores en el sistema','2018-07-06 22:50:24','2018-07-06 22:50:24'),(31,'Edicion de marcadores','marcadores.edit','Editar cualquier dato de un marcador del sistema','2018-07-06 22:50:24','2018-07-06 22:50:24'),(32,'Eliminar marcadores','marcadores.destroy','Eliminar un marcador del sistema','2018-07-06 22:50:24','2018-07-06 22:50:24'),(33,'Navegar perfiles geneticos','perfiles_geneticos.index','Lista y navega todos los perfiles geneticos del sistema','2018-07-06 22:50:24','2018-07-06 22:50:24'),(34,'Ver detalle de un perfil genetico','perfiles_geneticos.show','Ver en detalle cada perfil genetico del sistema','2018-07-06 22:50:24','2018-07-06 22:50:24'),(35,'Creacion de perfiles geneticos','perfiles_geneticos.store','Crear perfiles geneticos en el sistema','2018-07-06 22:50:24','2018-07-06 22:50:24'),(36,'Edicion de perfiles geneticos','perfiles_geneticos.edit','Editar cualquier dato de un perfil genetico del sistema','2018-07-06 22:50:24','2018-07-06 22:50:24'),(37,'Eliminar perfiles geneticos','perfiles_geneticos.destroy','Eliminar un perfil genetico del sistema','2018-07-06 22:50:24','2018-07-06 22:50:24'),(38,'Navegar perfiles en revision','perfiles_geneticos.revision','Ver todo los perfiles que requieren revision','2018-07-06 22:50:24','2018-07-06 22:50:24'),(39,'Navegar perfiles duplicados','perfiles_geneticos.duplicados','Ver todo los perfiles que requieren revision','2018-07-06 22:50:24','2018-07-06 22:50:24'),(40,'Navegar busquedas','busquedas.index','Lista y navega todas las busquedas del sistema','2018-07-06 22:50:24','2018-07-06 22:50:24'),(41,'Ver detalle de una busqueda','busquedas.show','Ver en detalle cada busqueda del sistema','2018-07-06 22:50:24','2018-07-06 22:50:24'),(42,'Creacion de busquedas','busquedas.store','Crear busquedas en el sistema','2018-07-06 22:50:24','2018-07-06 22:50:24'),(43,'Eliminar busquedas','busquedas.destroy','Eliminar un perfil genetico del sistema','2018-07-06 22:50:24','2018-07-06 22:50:24');
/*!40000 ALTER TABLE `permissions` ENABLE KEYS */;
UNLOCK TABLES;

--
-- Table structure for table `role_user`
--

DROP TABLE IF EXISTS `role_user`;
/*!40101 SET @saved_cs_client     = @@character_set_client */;
/*!40101 SET character_set_client = utf8 */;
CREATE TABLE `role_user` (
  `id` int(10) unsigned NOT NULL AUTO_INCREMENT,
  `role_id` int(10) unsigned NOT NULL,
  `user_id` int(10) unsigned NOT NULL,
  `created_at` timestamp NULL DEFAULT NULL,
  `updated_at` timestamp NULL DEFAULT NULL,
  PRIMARY KEY (`id`),
  KEY `role_user_role_id_index` (`role_id`),
  KEY `role_user_user_id_index` (`user_id`),
  CONSTRAINT `role_user_role_id_foreign` FOREIGN KEY (`role_id`) REFERENCES `roles` (`id`) ON DELETE CASCADE,
  CONSTRAINT `role_user_user_id_foreign` FOREIGN KEY (`user_id`) REFERENCES `users` (`id`) ON DELETE CASCADE
) ENGINE=InnoDB AUTO_INCREMENT=34 DEFAULT CHARSET=utf8mb4 COLLATE=utf8mb4_unicode_ci;
/*!40101 SET character_set_client = @saved_cs_client */;

--
-- Dumping data for table `role_user`
--

LOCK TABLES `role_user` WRITE;
/*!40000 ALTER TABLE `role_user` DISABLE KEYS */;
INSERT INTO `role_user` VALUES (1,1,1,'2018-07-06 22:50:29','2018-07-06 22:50:29'),(2,1,2,'2018-07-06 22:50:29','2018-07-06 22:50:29'),(3,1,3,'2018-07-06 22:50:29','2018-07-06 22:50:29'),(4,1,4,'2018-07-06 22:50:29','2018-07-06 22:50:29'),(5,1,5,'2018-07-06 22:50:29','2018-07-06 22:50:29'),(6,1,6,'2018-07-06 22:50:29','2018-07-06 22:50:29'),(7,1,7,'2018-07-06 22:50:29','2018-07-06 22:50:29'),(8,1,8,'2018-07-06 22:50:29','2018-07-06 22:50:29'),(9,1,9,'2018-07-06 22:50:29','2018-07-06 22:50:29'),(10,1,10,'2018-07-06 22:50:29','2018-07-06 22:50:29'),(11,1,11,'2018-07-06 22:50:29','2018-07-06 22:50:29'),(12,1,12,'2018-07-06 22:50:29','2018-07-06 22:50:29'),(13,1,13,'2018-07-06 22:50:29','2018-07-06 22:50:29'),(14,1,14,'2018-07-06 22:50:29','2018-07-06 22:50:29'),(15,1,15,'2018-07-06 22:50:29','2018-07-06 22:50:29'),(16,1,16,'2018-07-06 22:50:29','2018-07-06 22:50:29'),(17,1,17,'2018-07-06 22:50:29','2018-07-06 22:50:29'),(18,1,18,'2018-07-06 22:50:29','2018-07-06 22:50:29'),(19,1,19,'2018-07-06 22:50:29','2018-07-06 22:50:29'),(20,1,20,'2018-07-06 22:50:29','2018-07-06 22:50:29'),(21,1,21,'2018-07-06 22:50:29','2018-07-06 22:50:29'),(22,1,22,'2018-07-06 22:50:29','2018-07-06 22:50:29'),(23,1,23,'2018-07-06 22:50:29','2018-07-06 22:50:29'),(24,1,24,'2018-07-06 22:50:29','2018-07-06 22:50:29'),(25,1,25,'2018-07-06 22:50:29','2018-07-06 22:50:29'),(26,1,26,'2018-07-06 22:50:29','2018-07-06 22:50:29'),(27,1,27,'2018-07-06 22:50:29','2018-07-06 22:50:29'),(28,1,28,'2018-07-06 22:50:29','2018-07-06 22:50:29'),(29,1,29,'2018-07-06 22:50:29','2018-07-06 22:50:29'),(30,1,30,'2018-07-06 22:50:29','2018-07-06 22:50:29'),(31,1,31,'2018-07-06 22:50:29','2018-07-06 22:50:29'),(32,1,32,'2018-07-06 22:50:29','2018-07-06 22:50:29'),(33,1,33,'2018-07-06 22:50:29','2018-07-06 22:50:29');
/*!40000 ALTER TABLE `role_user` ENABLE KEYS */;
UNLOCK TABLES;

--
-- Table structure for table `roles`
--

DROP TABLE IF EXISTS `roles`;
/*!40101 SET @saved_cs_client     = @@character_set_client */;
/*!40101 SET character_set_client = utf8 */;
CREATE TABLE `roles` (
  `id` int(10) unsigned NOT NULL AUTO_INCREMENT,
  `name` varchar(255) COLLATE utf8mb4_unicode_ci NOT NULL,
  `slug` varchar(255) COLLATE utf8mb4_unicode_ci NOT NULL,
  `description` text COLLATE utf8mb4_unicode_ci,
  `created_at` timestamp NULL DEFAULT NULL,
  `updated_at` timestamp NULL DEFAULT NULL,
  `special` enum('all-access','no-access') COLLATE utf8mb4_unicode_ci DEFAULT NULL,
  PRIMARY KEY (`id`),
  UNIQUE KEY `roles_name_unique` (`name`),
  UNIQUE KEY `roles_slug_unique` (`slug`)
) ENGINE=InnoDB AUTO_INCREMENT=3 DEFAULT CHARSET=utf8mb4 COLLATE=utf8mb4_unicode_ci;
/*!40101 SET character_set_client = @saved_cs_client */;

--
-- Dumping data for table `roles`
--

LOCK TABLES `roles` WRITE;
/*!40000 ALTER TABLE `roles` DISABLE KEYS */;
INSERT INTO `roles` VALUES (1,'Admin','admin','Rol de Acceso total a la app','2018-07-06 22:50:24','2018-07-06 22:50:24','all-access'),(2,'Suspendido','suspendido','Rol sin privilegios','2018-07-06 22:50:24','2018-07-06 22:50:24','no-access');
/*!40000 ALTER TABLE `roles` ENABLE KEYS */;
UNLOCK TABLES;

--
-- Table structure for table `tipos_de_busquedas`
--

DROP TABLE IF EXISTS `tipos_de_busquedas`;
/*!40101 SET @saved_cs_client     = @@character_set_client */;
/*!40101 SET character_set_client = utf8 */;
CREATE TABLE `tipos_de_busquedas` (
  `id` int(10) unsigned NOT NULL AUTO_INCREMENT,
  `nombre` varchar(255) COLLATE utf8mb4_unicode_ci NOT NULL,
  `created_at` timestamp NULL DEFAULT NULL,
  `updated_at` timestamp NULL DEFAULT NULL,
  PRIMARY KEY (`id`)
) ENGINE=InnoDB AUTO_INCREMENT=3 DEFAULT CHARSET=utf8mb4 COLLATE=utf8mb4_unicode_ci;
/*!40101 SET character_set_client = @saved_cs_client */;

--
-- Dumping data for table `tipos_de_busquedas`
--

LOCK TABLES `tipos_de_busquedas` WRITE;
/*!40000 ALTER TABLE `tipos_de_busquedas` DISABLE KEYS */;
INSERT INTO `tipos_de_busquedas` VALUES (1,'individual','2018-07-06 22:50:30','2018-07-06 22:50:30'),(2,'grupal','2018-07-06 22:50:30','2018-07-06 22:50:30');
/*!40000 ALTER TABLE `tipos_de_busquedas` ENABLE KEYS */;
UNLOCK TABLES;

--
-- Table structure for table `tipos_de_marcadores`
--

DROP TABLE IF EXISTS `tipos_de_marcadores`;
/*!40101 SET @saved_cs_client     = @@character_set_client */;
/*!40101 SET character_set_client = utf8 */;
CREATE TABLE `tipos_de_marcadores` (
  `id` int(10) unsigned NOT NULL AUTO_INCREMENT,
  `nombre` varchar(255) COLLATE utf8mb4_unicode_ci NOT NULL,
  `created_at` timestamp NULL DEFAULT NULL,
  `updated_at` timestamp NULL DEFAULT NULL,
  PRIMARY KEY (`id`)
) ENGINE=InnoDB AUTO_INCREMENT=4 DEFAULT CHARSET=utf8mb4 COLLATE=utf8mb4_unicode_ci;
/*!40101 SET character_set_client = @saved_cs_client */;

--
-- Dumping data for table `tipos_de_marcadores`
--

LOCK TABLES `tipos_de_marcadores` WRITE;
/*!40000 ALTER TABLE `tipos_de_marcadores` DISABLE KEYS */;
INSERT INTO `tipos_de_marcadores` VALUES (1,'Autosomico','2018-07-06 22:50:30','2018-07-06 22:50:30'),(2,'Cromosoma Y','2018-07-06 22:50:30','2018-07-06 22:50:30'),(3,'Cromosoma X','2018-07-06 22:50:30','2018-07-06 22:50:30');
/*!40000 ALTER TABLE `tipos_de_marcadores` ENABLE KEYS */;
UNLOCK TABLES;

--
-- Table structure for table `tipos_de_metadatos`
--

DROP TABLE IF EXISTS `tipos_de_metadatos`;
/*!40101 SET @saved_cs_client     = @@character_set_client */;
/*!40101 SET character_set_client = utf8 */;
CREATE TABLE `tipos_de_metadatos` (
  `id` int(10) unsigned NOT NULL AUTO_INCREMENT,
  `nombre` varchar(255) COLLATE utf8mb4_unicode_ci NOT NULL,
  `created_at` timestamp NULL DEFAULT NULL,
  `updated_at` timestamp NULL DEFAULT NULL,
  PRIMARY KEY (`id`),
  UNIQUE KEY `tipos_de_metadatos_nombre_unique` (`nombre`)
) ENGINE=InnoDB AUTO_INCREMENT=9 DEFAULT CHARSET=utf8mb4 COLLATE=utf8mb4_unicode_ci;
/*!40101 SET character_set_client = @saved_cs_client */;

--
-- Dumping data for table `tipos_de_metadatos`
--

LOCK TABLES `tipos_de_metadatos` WRITE;
/*!40000 ALTER TABLE `tipos_de_metadatos` DISABLE KEYS */;
INSERT INTO `tipos_de_metadatos` VALUES (1,'descripcion_de_la_muestra','2018-07-06 22:53:15','2018-07-06 22:53:15'),(2,'nombre_del_donante','2018-07-06 22:54:23','2018-07-06 22:54:23'),(3,'nombre_del_desaparecido','2018-07-06 22:54:23','2018-07-06 22:54:23'),(4,'parentesco_con_el_desaparecido','2018-07-06 22:54:23','2018-07-06 22:54:23'),(5,'observaciones','2018-07-06 22:54:23','2018-07-06 22:54:23'),(6,'no_de_caso_relacionado','2018-07-06 22:54:23','2018-07-06 22:54:23'),(7,'ci_nuc_ap','2018-07-06 22:54:23','2018-07-06 22:54:23'),(8,'s_particulares_o_malformaciones','2018-07-06 22:54:23','2018-07-06 22:54:23');
/*!40000 ALTER TABLE `tipos_de_metadatos` ENABLE KEYS */;
UNLOCK TABLES;

--
-- Table structure for table `users`
--

DROP TABLE IF EXISTS `users`;
/*!40101 SET @saved_cs_client     = @@character_set_client */;
/*!40101 SET character_set_client = utf8 */;
CREATE TABLE `users` (
  `id` int(10) unsigned NOT NULL AUTO_INCREMENT,
  `name` varchar(255) COLLATE utf8mb4_unicode_ci NOT NULL,
  `apellido_paterno` varchar(255) COLLATE utf8mb4_unicode_ci DEFAULT NULL,
  `apellido_materno` varchar(255) COLLATE utf8mb4_unicode_ci DEFAULT NULL,
  `direccion` varchar(255) COLLATE utf8mb4_unicode_ci DEFAULT NULL,
  `telefono_particular` varchar(255) COLLATE utf8mb4_unicode_ci DEFAULT NULL,
  `telefono_celular` varchar(255) COLLATE utf8mb4_unicode_ci DEFAULT NULL,
  `email` varchar(255) COLLATE utf8mb4_unicode_ci NOT NULL,
  `password` varchar(255) COLLATE utf8mb4_unicode_ci NOT NULL,
  `username` varchar(255) COLLATE utf8mb4_unicode_ci NOT NULL,
  `avatar` varchar(255) COLLATE utf8mb4_unicode_ci DEFAULT NULL,
  `id_estado` int(10) unsigned DEFAULT NULL,
  `remember_token` varchar(100) COLLATE utf8mb4_unicode_ci DEFAULT NULL,
  `created_at` timestamp NULL DEFAULT NULL,
  `updated_at` timestamp NULL DEFAULT NULL,
  PRIMARY KEY (`id`),
  UNIQUE KEY `users_email_unique` (`email`),
  UNIQUE KEY `users_username_unique` (`username`)
) ENGINE=InnoDB AUTO_INCREMENT=34 DEFAULT CHARSET=utf8mb4 COLLATE=utf8mb4_unicode_ci;
/*!40101 SET character_set_client = @saved_cs_client */;

--
-- Dumping data for table `users`
--

LOCK TABLES `users` WRITE;
/*!40000 ALTER TABLE `users` DISABLE KEYS */;
INSERT INTO `users` VALUES (1,'Administrador',NULL,NULL,NULL,NULL,NULL,'admin@example.com','$2y$10$U3J1sClbg7gNjjxjObZUMeNd8sBgsQ2lfhSy8PZaLWwZ0jjh/63Ja','cnbadmin',NULL,33,NULL,'2018-07-06 22:50:24','2018-07-06 22:50:24'),(2,'Aguascalientes',NULL,NULL,NULL,NULL,NULL,'aguascalientes@example.com','$2y$10$MUHUHtyaoTsnkaNXs7YS2u0rOTBtW..sSiypaNoUPPBoyHAZGgdtC','aguascalientesadmin',NULL,1,NULL,'2018-07-06 22:50:24','2018-07-06 22:50:24'),(3,'Baja California',NULL,NULL,NULL,NULL,NULL,'bajacalifornia@example.com','$2y$10$wd7J5NVB2bOfrABXe1FxYOHnxLLntqrACEUbt8ISu1ygXqdlz4k..','bajacaliforniaadmin',NULL,2,NULL,'2018-07-06 22:50:24','2018-07-06 22:50:24'),(4,'Baja California Sur',NULL,NULL,NULL,NULL,NULL,'bajacaliforniasur@example.com','$2y$10$D.bkuNpJ3LJrSrCOZLgiDOGl0pDe8hnnIl5hQYOqdbUAhc4IHWX2i','bajacaliforniasuradmin',NULL,3,NULL,'2018-07-06 22:50:24','2018-07-06 22:50:24'),(5,'Campeche',NULL,NULL,NULL,NULL,NULL,'campeche@example.com','$2y$10$FsqaFLCbmuY9edidrI2NK.9dajqqowG87RsY3/wTAVCzEv.Tt6cQe','campecheadmin',NULL,4,NULL,'2018-07-06 22:50:25','2018-07-06 22:50:25'),(6,'Coahulia',NULL,NULL,NULL,NULL,NULL,'coahuila@example.com','$2y$10$ezrVdSJ6BPVBKPZH5UA8HOFdHxRd56uOs5rw/NC76kmkXeuFkIiTO','coahuilaadmin',NULL,5,NULL,'2018-07-06 22:50:25','2018-07-06 22:50:25'),(7,'Colima',NULL,NULL,NULL,NULL,NULL,'colima@example.com','$2y$10$aHkukLnIvAoyajbONlmiR.Ad5U4X7gjDDtnu8lC9xIsuTqoICTJLi','colimaadmin',NULL,6,NULL,'2018-07-06 22:50:25','2018-07-06 22:50:25'),(8,'Chiapas',NULL,NULL,NULL,NULL,NULL,'chiapas@example.com','$2y$10$9inCCZUZALB/mO0qL3eHr.IJJx0fILtMHxlBqaRQ7izNDJO0hB1Cu','chiapasadmin',NULL,7,NULL,'2018-07-06 22:50:25','2018-07-06 22:50:25'),(9,'Chihuahua',NULL,NULL,NULL,NULL,NULL,'chihuahua@example.com','$2y$10$9xyKiLtjLhY/sN7puPVkrOngT1ZOkOBpb/WuE.jed7jQAmeODUoJy','chihuahuaadmin',NULL,8,NULL,'2018-07-06 22:50:25','2018-07-06 22:50:25'),(10,'Ciudad de Mexico',NULL,NULL,NULL,NULL,NULL,'ciudaddemexico@example.com','$2y$10$DUycbDapGyMysA88VvxviuDSk7Tpieb/vtwii.a8QfmPvUU3Raj5K','ciudaddemexicoadmin',NULL,9,NULL,'2018-07-06 22:50:25','2018-07-06 22:50:25'),(11,'Durango',NULL,NULL,NULL,NULL,NULL,'durango@example.com','$2y$10$noQbLvYORWFNFmWibyVvtOT9rOX.137wuUVehPI5jfzouxlO2lkQ6','durangoadmin',NULL,10,NULL,'2018-07-06 22:50:25','2018-07-06 22:50:25'),(12,'Guanajuato',NULL,NULL,NULL,NULL,NULL,'guanajuato@example.com','$2y$10$G..6m9MdR7pribX4YsBqi.Yxh/LIckSwTuhJmX6vH9837S9OAo7wG','guanajuatoadmin',NULL,11,NULL,'2018-07-06 22:50:26','2018-07-06 22:50:26'),(13,'Guerrero',NULL,NULL,NULL,NULL,NULL,'guerrero@example.com','$2y$10$gKmDBCZNyctPROb6lbj9IuPvx7nK417Fum9k6xQeqCNmTDc/oXLMa','guerreroadmin',NULL,12,NULL,'2018-07-06 22:50:26','2018-07-06 22:50:26'),(14,'Hidalgo',NULL,NULL,NULL,NULL,NULL,'hidalgo@example.com','$2y$10$MMgUXC.uMwe3Zd74H3djsekyWYdJYIVfpc1vztVS8U0A3ClJYgIcy','hidalgoadmin',NULL,13,NULL,'2018-07-06 22:50:26','2018-07-06 22:50:26'),(15,'Jalisco',NULL,NULL,NULL,NULL,NULL,'jalisco@example.com','$2y$10$dkTYVQltrHDNWa7gs5MS.uQqKYZI4YaKj.ZiUhfP5Di0AG3KZZM.y','jaliscoadmin',NULL,14,NULL,'2018-07-06 22:50:26','2018-07-06 22:50:26'),(16,'Estado de Mexico',NULL,NULL,NULL,NULL,NULL,'estadodemexico@example.com','$2y$10$NRfDVjC1WxpXqINB1yOWgu9QjA3lMHYZmSXxQYh6Bvt3egqMT8Tlu','estadodemexicoadmin',NULL,15,NULL,'2018-07-06 22:50:26','2018-07-06 22:50:26'),(17,'Michoacan',NULL,NULL,NULL,NULL,NULL,'michoacan@example.com','$2y$10$7JI5PNVFma87z6W62.NnrOjVZuh8A82/HjJRtn092PGNPfTbOzani','michoacanadmin',NULL,16,NULL,'2018-07-06 22:50:26','2018-07-06 22:50:26'),(18,'Morelos',NULL,NULL,NULL,NULL,NULL,'morelos@example.com','$2y$10$O7Y2Rc8jE1UZwtpTA9v3..qLAlZOcN36CDx3UemLAMSCTRnAQgKLS','morelosadmin',NULL,17,NULL,'2018-07-06 22:50:26','2018-07-06 22:50:26'),(19,'Nayarit',NULL,NULL,NULL,NULL,NULL,'nayarit@example.com','$2y$10$sjXw7cMQIx.Fq7lmf2pMkedgou/CvFsgjZzWCTFl4VktcG4r7r4gK','nayaritadmin',NULL,18,NULL,'2018-07-06 22:50:26','2018-07-06 22:50:26'),(20,'Nuevo Leon',NULL,NULL,NULL,NULL,NULL,'nuevoleon@example.com','$2y$10$U74/9eorjKLCRAJSWw33Ee984c6FfWIrCvDidDfwrOByqemmlLWyW','nuevoleonadmin',NULL,19,NULL,'2018-07-06 22:50:27','2018-07-06 22:50:27'),(21,'Oaxaca',NULL,NULL,NULL,NULL,NULL,'oaxaca@example.com','$2y$10$RnVVVtQE1Ea6T.213HPhNOASY1w7RWIoDLOk3hVnj9uh3/5PcwVNy','oaxacanadmin',NULL,20,NULL,'2018-07-06 22:50:27','2018-07-06 22:50:27'),(22,'Puebla',NULL,NULL,NULL,NULL,NULL,'puebla@example.com','$2y$10$AF3kIs9M0p7znEwIIP7xvOE9fICbhVQLn0/tOfLSu3JOKkZ7f/UV6','pueblaadmin',NULL,21,NULL,'2018-07-06 22:50:27','2018-07-06 22:50:27'),(23,'Queretaro',NULL,NULL,NULL,NULL,NULL,'queretaro@example.com','$2y$10$WPo8c8o/Zn05jVE5a6hIvu2dJsM1hQ5uqKpza/V3Rb.UOfr0AXL3y','queretaroadmin',NULL,22,NULL,'2018-07-06 22:50:27','2018-07-06 22:50:27'),(24,'Quintana Roo',NULL,NULL,NULL,NULL,NULL,'quintanaroo@example.com','$2y$10$vuo7Tuc5qKjX1B5xEeOtp.EI1Kd0LAmh8GWlvBzu4luXDzguGiY8W','quintanarooadmin',NULL,23,NULL,'2018-07-06 22:50:27','2018-07-06 22:50:27'),(25,'San Luis Potosi',NULL,NULL,NULL,NULL,NULL,'sanluispotosi@example.com','$2y$10$unbH0EoR/gBXzwQXvOQeA.k0X5RRmm79xHo9fn61x6tru/aP6p7Mu','sanluispotosiadmin',NULL,24,NULL,'2018-07-06 22:50:28','2018-07-06 22:50:28'),(26,'Sinaloa',NULL,NULL,NULL,NULL,NULL,'sinaloa@example.com','$2y$10$IGxDoC2XDZdGV3TBC33kOufv4mjfdRauabnfmY2vLLsBTndZ23q0K','sinaloaadmin',NULL,25,NULL,'2018-07-06 22:50:28','2018-07-06 22:50:28'),(27,'Sonora',NULL,NULL,NULL,NULL,NULL,'sonora@example.com','$2y$10$QxQVkbrreL3aaWswEX2KhOAuH.38iR5qsFyOlsGrMrHIRubvODu.C','sonoraadmin',NULL,26,NULL,'2018-07-06 22:50:28','2018-07-06 22:50:28'),(28,'Tabasco',NULL,NULL,NULL,NULL,NULL,'tabasco@example.com','$2y$10$8W6ktgs/8En6SxMuewTAgOcO0.GPy/XClHThzE/la8zK7LvveuIu2','tabascoadmin',NULL,27,NULL,'2018-07-06 22:50:28','2018-07-06 22:50:28'),(29,'Tamaulipas',NULL,NULL,NULL,NULL,NULL,'tamaulipas@example.com','$2y$10$rmsDkjMVYt3ojTKdcmdWLur.KRHK3rkMycQah.LGCAM.ZQ.cbjhWm','tamaulipasadmin',NULL,28,NULL,'2018-07-06 22:50:28','2018-07-06 22:50:28'),(30,'Tlaxcala',NULL,NULL,NULL,NULL,NULL,'tlaxcala@example.com','$2y$10$ntGmRqxBU9EvgwxUOlAgbemnHL3g/LKehdjPKCiVZNpbHMkbD4AAa','tlaxcalaadmin',NULL,29,NULL,'2018-07-06 22:50:28','2018-07-06 22:50:28'),(31,'Veracruz',NULL,NULL,NULL,NULL,NULL,'veracruz@example.com','$2y$10$qU110UF6Wu6lbcvAX.Fn0OPkpHLeiD0TRzIuwcXdd49ilLJAuVajC','veracruzadmin',NULL,30,NULL,'2018-07-06 22:50:28','2018-07-06 22:50:28'),(32,'Yucatan',NULL,NULL,NULL,NULL,NULL,'yucatan@example.com','$2y$10$4VTqyvswBEWl6LiUNdAnOuJjeu6R4JsQuenbHdV9ci8ncWPaNkB2W','yucatanadmin',NULL,31,NULL,'2018-07-06 22:50:28','2018-07-06 22:50:28'),(33,'Zacatecas',NULL,NULL,NULL,NULL,NULL,'zacatecas@example.com','$2y$10$QpY7h96L0IfPsWGNmfN/9eBJ6iMg16m2DPSQTO8n6SK7kvveD95bK','zacatecasadmin',NULL,32,NULL,'2018-07-06 22:50:29','2018-07-06 22:50:29');
/*!40000 ALTER TABLE `users` ENABLE KEYS */;
UNLOCK TABLES;
/*!40103 SET TIME_ZONE=@OLD_TIME_ZONE */;

/*!40101 SET SQL_MODE=@OLD_SQL_MODE */;
/*!40014 SET FOREIGN_KEY_CHECKS=@OLD_FOREIGN_KEY_CHECKS */;
/*!40014 SET UNIQUE_CHECKS=@OLD_UNIQUE_CHECKS */;
/*!40101 SET CHARACTER_SET_CLIENT=@OLD_CHARACTER_SET_CLIENT */;
/*!40101 SET CHARACTER_SET_RESULTS=@OLD_CHARACTER_SET_RESULTS */;
/*!40101 SET COLLATION_CONNECTION=@OLD_COLLATION_CONNECTION */;
/*!40111 SET SQL_NOTES=@OLD_SQL_NOTES */;

-- Dump completed on 2018-07-06 21:00:52
